id,source,N1,gender,age,A5_tiktok,A5_shopee,A5_lazada,A5_facebook,A5_other,C1,education,occupation,income,relationship,D1,D2,D3,D4,D5,D6,EXP1,EXP2,EXP3,EXP4,EXP5,EXP6,IBT1,IBT2,IBT3,IBT4,IBT5,IBT6,IBT7,IBT8,IBT9,SC1,SC2,SC3,SC4,SC5,SC6,SC7,SC8,SC9,SC10,SC11,SC12,SC13,IMC1,SE1,SE2,SE3,SE4,SII1,SII2,SII3,SII4,IMC2,IPB1,IPB2,IPB3,IPB4,IPB5,IPB6,CONSIST1,MA1,MA2,MA3,TA1,TA2,TA3,MOOD1,MOOD2,FOMO1,FOMO2,FOMO3,A2_T2,A3_T2,EXP1_T2,EXP2_T2,EXP3_T2,EXP4_T2,EXP5_T2,EXP6_T2,EXP7_T2,EXP8_T2,PS1_T2,PS2_T2,PS3_T2,PS4_T2,PS5_T2,PSI1_T2,PSI2_T2,PSI3_T2,PSI4_T2,PSI5_T2,EA1_T2,EA2_T2,EA3_T2,EA4_T2,IMC1_T2,SP1_T2,SP2_T2,SP3_T2,SP4_T2,MV1_T2,MV2_T2,UBI1_T2,UBI2_T2,UBI3_T2,UBI4_T2,IPB1_T2,IPB2_T2,IPB3_T2,IPB4_T2,IPB5_T2,IPB6_T2,IMC2_T2,MA1_T2,MA2_T2,MA3_T2,TA1_T2,TA2_T2,TA3_T2,PEER1,PEER2,PEER3,MOOD1_T2,MOOD2_T2,L1
1,0,123456,2,25,1,0,0,0,0,2,3,3,3.0,1,1,1.0,2,1,5,2,20,1.0,2,5,2,4,5,4,3,1.0,2.0,6,5.0,3,4.0,5.0,3.0,5,5.0,4,6.0,7,2,3.0,5.0,6.0,4,2,5,5,6,7,7,4,1,6,4,1,2,4,2,4,2,5,5,1,3,5,2,6,5,3,3,3,5,1,2,1,13.0,7.9,5,12,5,3,3,1,7.0,5.0,4.0,7.0,6.0,4.0,6.0,6.0,4.0,5.0,4.0,4.0,4.0,4.0,3,3.0,5,5,4,7,6,3,4,4,2,9,3,3,3,3,3,3,6,2,6,1,7,2,3,4,5,4,4,1
2,0,AG2010,2,24,0,1,1,0,0,2,3,1,3.0,1,2,2.0,1,0,4,2,9,3.4,1,5,1,3,4,4,3,5.0,3.0,3,4.0,4,5.0,2.0,5.0,7,5.0,4,3.0,3,2,5.0,6.0,2.0,5,6,1,6,6,5,3,5,4,5,4,1,1,1,0,4,3,4,5,5,5,4,4,5,4,4,3,2,3,3,2,0,4.0,3.3,1,3,1,2,3,4,3.0,3.0,3.0,3.0,2.0,4.0,5.0,5.0,5.0,5.0,4.0,3.0,3.0,3.0,3,3.0,3,4,4,5,7,4,3,4,2,6,1,1,1,1,4,1,4,4,5,4,4,3,4,3,5,4,3,0
3,0,AN0107,0,30,0,1,0,1,0,1,1,5,2.0,1,2,4.0,3,3,4,5,4,6.6,4,3,4,2,5,3,4,4.0,4.0,4,4.0,3,3.0,4.0,3.0,4,4.0,3,4.0,2,4,3.0,2.0,5.0,4,4,5,3,3,5,5,3,4,3,3,1,3,3,3,4,4,4,4,3,5,3,4,3,4,4,3,2,3,4,2,0,2.0,1.3,2,3,3,3,3,1,4.0,5.0,5.0,4.0,5.0,4.0,4.0,,4.0,4.0,4.0,4.0,4.0,4.0,3,3.0,3,5,3,6,6,4,3,4,3,2,4,4,4,5,5,3,3,3,2,4,4,5,4,4,3,4,3,0
4,0,AP2408,0,28,1,1,0,1,0,2,1,2,4.0,2,2,2.0,2,0,5,1,10,3.4,1,4,2,2,1,3,3,3.0,2.0,2,3.0,5,2.0,4.0,4.0,5,4.0,4,5.0,6,4,6.0,4.0,4.0,4,2,7,4,5,5,5,4,3,3,3,1,0,0,0,3,1,3,2,3,7,1,2,5,4,4,3,2,2,3,2,1,5.0,6.5,2,5,2,3,1,3,5.0,5.0,5.0,5.0,5.0,5.0,5.0,5.0,5.0,5.0,5.0,5.0,5.0,5.0,3,5.0,5,5,5,5,5,5,5,5,5,2,4,4,5,5,5,4,5,5,5,5,5,5,3,1,2,3,2,0
5,0,archie,2,27,1,0,0,0,0,2,3,3,2.0,2,1,4.0,5,4,3,4,26,8.0,3,1,4,5,5,5,4,5.0,5.0,4,4.0,4,5.0,7.0,2.0,3,5.0,3,4.0,2,4,2.0,3.0,7.0,2,3,5,4,5,4,4,3,4,4,3,1,7,4,4,4,4,4,4,3,4,3,3,4,3,3,4,3,4,3,1,1,9.0,2.8,1,0,2,1,5,2,4.0,4.0,5.0,6.0,5.0,6.0,5.0,4.0,4.0,6.0,4.0,4.0,4.0,3.0,3,4.0,3,3,5,4,4,3,5,3,5,15,6,6,4,3,5,6,3,5,3,4,4,4,3,3,5,3,4,0
6,0,BA2312,2,23,1,0,1,0,0,1,3,3,4.0,1,1,2.0,3,3,4,0,32,6.6,2,9,2,4,6,3,6,6.0,7.0,6,7.0,1,5.0,3.0,5.0,3,6.0,5,1.0,4,1,7.0,5.0,2.0,6,5,5,5,5,6,6,4,3,4,5,1,10,5,4,4,5,6,5,4,5,4,3,3,4,3,2,4,4,5,1,1,7.0,3.2,3,6,3,1,2,1,5.0,5.0,5.0,4.0,4.0,6.0,7.0,6.0,6.0,6.0,4.0,4.0,4.0,4.0,3,5.0,5,5,5,5,4,4,5,4,4,2,6,5,5,5,6,5,4,3,4,4,4,2,5,6,5,3,4,1
7,0,BA2609,2,26,0,1,0,0,0,2,1,3,2.0,1,2,4.0,3,2,2,3,9,6.0,4,14,4,2,4,4,3,3.0,3.0,3,3.0,5,2.0,4.0,5.0,3,5.0,5,4.0,5,5,5.0,4.0,6.0,2,4,5,4,4,4,4,4,6,4,2,1,2,1,3,1,2,5,3,3,5,2,2,4,4,3,4,3,4,2,2,1,18.0,4.5,5,9,4,2,1,3,5.0,5.0,4.0,,4.0,4.0,4.0,3.0,3.0,4.0,6.0,7.0,6.0,5.0,3,4.0,6,5,6,5,4,4,5,6,4,0,3,1,2,3,3,2,3,3,3,2,7,3,4,4,4,4,4,0
8,0,bando1,1,24,1,0,1,1,0,2,1,1,1.0,1,3,,5,3,4,3,10,20.8,5,15,5,2,3,3,3,3.0,4.0,4,4.0,5,3.0,4.0,3.0,3,5.0,4,4.0,4,2,6.0,4.0,5.0,5,4,5,6,6,5,7,4,5,3,4,1,3,3,3,4,5,4,3,3,3,3,3,4,3,1,2,4,4,4,3,1,19.0,4.8,3,14,5,1,1,2,4.0,5.0,5.0,3.0,3.0,3.0,6.0,6.0,4.0,4.0,5.0,2.0,2.0,4.0,3,3.0,3,2,3,4,5,4,4,3,4,4,3,3,4,3,4,3,4,4,4,3,4,3,5,5,4,3,2,0
9,0,banv2a,1,26,0,1,0,0,0,2,3,4,3.0,3,2,4.0,5,4,5,3,11,8.6,3,21,4,3,7,5,4,4.0,7.0,5,5.0,4,4.0,3.0,5.0,6,5.0,2,4.0,5,3,5.0,5.0,3.0,4,3,5,4,5,5,4,7,6,6,6,2,5,4,2,4,2,5,6,3,6,3,5,5,3,3,3,4,4,4,2,0,7.0,2.4,1,0,2,3,2,4,4.0,5.0,4.0,4.0,4.0,5.0,4.0,5.0,4.0,3.0,5.0,4.0,3.0,3.0,3,5.0,5,5,4,4,4,3,4,4,5,19,5,6,6,5,7,6,3,4,2,3,3,3,6,6,5,4,3,1
10,0,BD2611,0,26,0,0,1,0,0,1,3,3,4.0,2,3,4.0,4,1,3,5,14,3.3,5,7,3,3,4,6,4,3.0,3.0,5,4.0,4,4.0,3.0,7.0,6,4.0,6,6.0,7,5,,6.0,4.0,5,4,5,4,4,4,4,6,5,5,5,1,3,1,2,3,3,3,4,3,5,4,5,2,5,2,3,3,3,2,3,1,21.0,4.9,5,1,5,1,1,1,3.0,6.0,5.0,5.0,5.0,2.0,3.0,4.0,4.0,3.0,3.0,3.0,2.0,3.0,3,6.0,6,6,5,4,5,5,4,3,4,3,3,5,4,4,4,4,5,4,4,5,5,7,4,3,4,3,3,0
11,0,bdsm01,1,24,0,0,0,1,0,2,4,1,2.0,3,4,1.0,1,2,2,2,3,3.2,1,3,1,1,6,4,4,4.0,3.0,5,4.0,5,4.0,3.0,5.0,4,5.0,7,4.0,7,1,7.0,5.0,3.0,4,7,5,4,4,4,5,5,5,3,4,1,9,1,2,1,3,4,4,2,6,2,4,6,3,3,3,2,4,3,4,0,5.0,4.2,2,3,3,1,5,3,4.0,6.0,7.0,5.0,5.0,2.0,4.0,4.0,3.0,5.0,4.0,2.0,3.0,3.0,3,4.0,3,3,3,5,5,2,4,2,5,7,4,5,5,4,5,4,3,5,3,5,4,5,1,3,3,3,4,0
12,0,BE1306,1,24,1,0,1,0,0,2,4,3,4.0,2,1,2.0,2,0,1,1,6,1.2,1,1,1,2,4,5,3,5.0,1.0,4,5.0,4,2.0,3.0,6.0,7,3.0,6,3.0,6,2,5.0,5.0,3.0,5,5,7,6,6,5,4,5,3,4,3,1,0,2,1,2,2,2,2,5,5,3,4,6,3,4,4,2,2,2,3,1,4.0,1.3,1,1,2,3,2,4,4.0,5.0,4.0,3.0,2.0,4.0,3.0,3.0,3.0,4.0,2.0,3.0,1.0,3.0,3,3.0,3,2,5,5,4,2,2,2,1,4,3,3,4,3,3,4,4,4,4,4,5,4,3,1,2,3,3,0
13,0,BI1507,2,31,1,0,0,0,0,2,1,3,5.0,2,5,4.0,4,1,2,3,14,8.4,4,4,4,4,3,3,3,4.0,2.0,4,2.0,5,4.0,3.0,5.0,7,4.0,4,3.0,6,1,4.0,4.0,5.0,6,4,5,2,2,4,3,5,3,2,5,1,5,2,2,4,3,3,2,3,5,4,5,3,7,4,3,4,4,4,1,1,27.0,3.7,3,3,2,3,2,3,3.0,4.0,5.0,3.0,3.0,4.0,4.0,3.0,3.0,3.0,3.0,4.0,3.0,2.0,3,3.0,4,3,3,3,4,3,4,3,2,5,2,2,2,2,3,3,4,6,4,4,3,4,3,1,3,3,4,0
14,0,BJ1608,1,29,1,0,1,0,0,2,3,4,1.0,1,1,1.0,1,0,4,1,5,1.5,1,2,1,2,4,3,4,2.0,4.0,4,3.0,4,5.0,3.0,6.0,4,3.0,5,4.0,3,4,6.0,4.0,4.0,4,3,5,2,2,3,2,3,3,5,4,1,1,0,0,2,1,2,4,4,3,4,4,4,4,2,2,3,2,1,1,1,9.0,2.8,2,5,2,3,1,1,4.0,4.0,5.0,4.0,5.0,2.0,3.0,1.0,3.0,1.0,4.0,5.0,5.0,5.0,3,4.0,4,4,3,7,7,2,2,2,2,1,1,1,4,1,1,1,6,5,3,3,4,3,2,1,2,2,2,0
15,0,BO0804,2,29,1,1,0,0,0,2,3,3,5.0,2,1,4.0,4,1,4,3,20,2.2,4,3,4,3,5,3,4,4.0,4.0,5,3.0,4,5.0,2.0,4.0,7,4.0,7,2.0,6,2,6.0,5.0,4.0,6,4,5,5,4,6,5,5,6,6,5,2,1,1,1,3,2,3,4,6,3,5,4,3,5,5,4,4,4,5,1,0,18.0,3.2,3,3,3,2,1,1,6.0,5.0,6.0,7.0,5.0,4.0,4.0,5.0,4.0,2.0,4.0,5.0,5.0,5.0,3,4.0,4,4,3,4,5,4,4,3,6,2,6,6,6,4,6,5,5,4,5,4,5,2,6,4,5,4,3,1
16,0,CA2501,0,34,1,1,1,0,0,2,1,2,3.0,1,2,2.0,2,4,4,5,3,1.3,2,2,1,3,6,4,5,3.0,5.0,4,6.0,4,3.0,1.0,7.0,6,3.0,7,4.0,4,3,6.0,6.0,3.0,6,5,5,3,4,5,4,3,4,4,3,2,2,4,4,4,4,5,5,6,4,5,2,5,2,3,4,2,2,2,1,1,15.0,1.5,2,1,2,1,6,4,4.0,4.0,3.0,2.0,3.0,2.0,3.0,2.0,3.0,3.0,5.0,3.0,3.0,2.0,3,4.0,5,4,4,4,4,3,2,4,3,11,2,4,3,4,5,4,6,3,5,5,3,4,2,1,2,3,3,0
17,0,CE0205,0,23,1,0,0,1,0,1,3,2,5.0,2,1,,4,4,5,0,0,18.1,4,4,5,3,5,5,2,4.0,6.0,5,6.0,3,4.0,3.0,7.0,7,6.0,5,2.0,7,3,7.0,6.0,1.0,7,6,1,6,7,7,6,4,4,6,6,1,5,4,5,6,4,4,5,5,4,5,5,4,4,5,4,3,2,3,1,1,7.0,16.4,5,25,5,1,2,4,3.0,4.0,2.0,3.0,1.0,3.0,2.0,3.0,3.0,3.0,4.0,5.0,2.0,4.0,3,6.0,5,4,4,4,2,2,4,3,2,12,4,3,4,3,4,4,5,4,3,3,2,3,2,4,2,5,4,0
18,0,CF0809,2,31,1,0,0,0,0,2,3,1,2.0,4,5,2.0,1,0,1,2,1,5.6,2,4,1,4,5,3,4,3.0,,3,3.0,4,3.0,3.0,3.0,3,4.0,2,4.0,5,3,4.0,5.0,,5,4,5,4,4,5,4,5,6,6,6,1,0,2,0,3,3,4,3,4,6,3,5,3,4,3,3,3,4,1,1,1,7.0,4.0,3,0,3,1,1,4,6.0,,5.0,4.0,5.0,5.0,4.0,4.0,4.0,4.0,4.0,4.0,4.0,5.0,3,5.0,6,6,6,3,2,5,4,4,5,2,2,2,2,4,3,2,1,6,2,3,5,2,3,3,3,3,3,0
19,0,check1,1,29,1,0,1,0,0,2,3,4,5.0,2,1,4.0,4,2,3,3,11,12.5,4,9,4,2,6,5,3,5.0,4.0,3,3.0,2,3.0,4.0,6.0,4,4.0,4,4.0,6,2,4.0,5.0,3.0,5,3,5,5,5,5,6,4,4,4,5,1,2,1,3,3,5,4,4,3,5,4,1,5,3,4,3,4,4,4,1,0,28.0,11.4,5,8,5,4,2,4,6.0,5.0,4.0,3.0,5.0,5.0,6.0,4.0,4.0,5.0,6.0,5.0,4.0,5.0,3,6.0,6,5,5,5,4,4,3,4,5,22,6,6,6,5,4,6,3,5,4,4,4,5,2,1,2,3,3,1
20,0,chot99,1,28,1,1,0,1,0,1,4,2,6.0,1,2,3.0,3,1,5,4,10,6.1,2,3,3,3,6,5,5,5.0,4.0,5,5.0,4,4.0,4.0,6.0,4,6.0,6,3.0,7,4,6.0,7.0,2.0,5,5,5,4,4,5,5,6,4,4,5,1,1,4,5,6,5,4,5,3,5,3,5,3,4,5,3,2,3,1,2,1,10.0,3.7,4,1,4,2,2,3,5.0,4.0,3.0,4.0,4.0,4.0,3.0,3.0,4.0,4.0,6.0,7.0,7.0,5.0,3,5.0,7,4,5,4,2,4,3,2,5,4,4,4,5,4,5,4,4,5,4,3,4,4,4,3,3,5,5,0
21,0,chyen2,1,25,0,1,0,0,0,1,3,2,2.0,3,2,2.0,1,4,4,0,1,4.6,1,1,2,3,4,2,2,1.0,2.0,3,2.0,4,3.0,5.0,5.0,4,3.0,4,5.0,5,1,4.0,4.0,4.0,4,5,5,5,6,6,6,3,4,3,5,1,2,5,5,6,4,6,2,4,4,4,4,4,4,3,3,2,2,2,2,1,0.0,2.2,3,0,1,4,1,3,3.0,4.0,3.0,5.0,3.0,4.0,5.0,4.0,4.0,4.0,4.0,3.0,2.0,2.0,3,5.0,3,4,4,5,6,3,2,2,2,3,2,4,3,2,2,3,3,4,2,4,4,4,4,3,4,3,4,1
22,0,CJ1609,1,25,1,0,1,0,0,2,4,3,3.0,2,1,1.0,1,2,4,5,6,2.8,1,0,1,4,6,4,4,5.0,5.0,5,5.0,5,6.0,2.0,6.0,6,4.0,4,2.0,6,2,6.0,4.0,4.0,6,7,5,5,4,4,4,4,4,3,5,1,3,2,5,4,4,4,5,4,4,5,3,6,3,3,3,3,2,2,1,1,3.0,2.3,2,1,2,2,1,2,2.0,3.0,2.0,2.0,4.0,1.0,2.0,4.0,3.0,2.0,4.0,3.0,3.0,4.0,3,5.0,3,5,4,3,3,4,2,4,2,3,3,2,3,3,3,4,5,4,6,2,5,3,4,5,5,2,2,1
23,0,CO0405,2,26,0,0,0,1,0,2,3,3,4.0,4,4,3.0,3,3,4,4,26,9.1,3,3,3,3,4,4,5,3.0,5.0,4,3.0,4,3.0,4.0,5.0,7,5.0,5,2.0,4,3,6.0,6.0,3.0,5,5,5,7,6,3,4,3,4,4,1,1,1,2,2,4,4,5,4,2,5,4,4,2,4,4,4,3,3,2,4,1,11.0,6.7,4,5,3,1,1,2,6.0,5.0,6.0,6.0,6.0,3.0,3.0,3.0,4.0,4.0,5.0,5.0,4.0,4.0,3,4.0,2,3,4,5,5,2,2,1,4,0,4,3,5,4,5,3,3,7,3,2,6,3,4,4,2,4,4,0
24,0,CO1908,2,26,1,0,0,0,0,2,3,3,3.0,1,1,2.0,1,1,3,4,8,4.0,2,6,1,5,5,4,6,5.0,5.0,5,7.0,3,4.0,1.0,4.0,6,6.0,7,4.0,7,3,5.0,5.0,3.0,6,5,5,4,4,4,2,5,5,4,5,7,6,4,4,5,3,5,5,4,3,7,3,5,4,3,4,2,4,4,1,0,9.0,4.4,1,2,2,2,2,3,6.0,5.0,6.0,5.0,5.0,4.0,6.0,6.0,5.0,6.0,2.0,3.0,4.0,4.0,3,6.0,5,6,6,5,6,4,6,4,5,15,6,5,5,4,6,5,3,4,4,4,5,2,4,5,5,3,3,0
25,0,copy01,2,30,0,1,0,1,0,2,3,2,1.0,1,2,4.0,3,2,2,2,5,4.4,4,8,4,5,3,2,3,3.0,4.0,5,3.0,5,2.0,3.0,7.0,5,7.0,6,3.0,6,3,6.0,6.0,4.0,5,5,5,3,5,5,3,2,1,4,4,1,1,0,1,2,3,2,3,4,5,3,3,3,5,3,4,2,2,1,2,1,37.0,11.1,5,2,5,5,4,3,6.0,4.0,5.0,5.0,4.0,2.0,4.0,5.0,3.0,3.0,4.0,4.0,2.0,2.0,3,5.0,5,4,5,4,5,4,3,5,5,7,2,1,3,4,4,3,4,5,3,4,5,2,5,4,4,3,4,1
26,0,DD0416,2,29,1,1,0,0,0,2,4,3,5.0,1,2,2.0,2,1,4,4,10,3.0,3,6,4,3,5,4,4,3.0,3.0,6,5.0,3,6.0,5.0,4.0,2,2.0,3,5.0,3,5,3.0,3.0,6.0,5,3,5,6,5,5,5,4,3,2,4,1,2,2,2,3,4,5,4,6,2,5,3,5,4,4,2,2,2,1,2,1,20.0,4.0,2,8,4,4,3,1,5.0,6.0,5.0,3.0,4.0,5.0,5.0,6.0,4.0,5.0,5.0,4.0,4.0,4.0,3,5.0,6,5,5,6,7,5,5,4,5,2,4,3,5,5,6,5,5,2,6,3,5,5,2,1,4,4,2,0
27,0,DI0302,2,25,1,0,1,0,0,2,1,3,1.0,2,1,3.0,2,3,5,5,10,5.0,2,3,4,4,4,5,3,5.0,4.0,5,3.0,4,3.0,4.0,3.0,6,4.0,2,4.0,4,4,5.0,5.0,4.0,4,6,5,4,5,7,4,4,3,2,3,2,0,4,3,5,4,4,5,2,5,4,1,6,3,3,3,3,2,3,1,1,11.0,7.8,3,1,3,4,1,2,3.0,3.0,4.0,4.0,4.0,4.0,4.0,5.0,5.0,5.0,6.0,5.0,4.0,3.0,3,3.0,4,3,4,5,6,5,4,3,3,0,4,4,2,4,3,3,1,6,2,3,4,5,4,2,2,5,4,0
28,0,DN2605,0,31,1,0,0,0,0,2,3,3,3.0,3,1,3.0,2,1,4,4,3,5.7,3,2,3,2,2,3,3,3.0,2.0,4,4.0,5,3.0,4.0,4.0,4,3.0,6,2.0,5,4,4.0,4.0,2.0,5,3,5,5,6,6,4,5,2,3,3,2,7,3,2,5,5,4,3,5,3,4,3,5,3,4,3,2,2,2,1,0,6.0,2.1,1,1,1,5,5,2,4.0,5.0,3.0,3.0,3.0,5.0,5.0,4.0,5.0,5.0,3.0,2.0,3.0,3.0,3,4.0,5,3,6,3,1,3,3,5,2,3,4,3,3,3,5,4,6,3,6,4,5,5,3,4,3,4,3,1
29,0,DO0712,1,31,0,1,0,0,0,1,3,3,4.0,1,2,4.0,5,3,2,3,6,2.8,4,1,4,4,5,5,5,5.0,5.0,6,7.0,2,4.0,2.0,5.0,7,6.0,6,3.0,3,2,4.0,5.0,3.0,7,7,5,6,6,4,6,6,6,5,4,1,8,3,5,4,3,4,5,4,7,1,4,5,6,4,3,2,3,2,3,1,4.0,3.9,5,15,4,4,2,1,4.0,5.0,4.0,3.0,5.0,4.0,4.0,4.0,4.0,5.0,4.0,4.0,5.0,2.0,3,7.0,6,5,6,3,3,5,4,5,4,0,4,4,5,4,4,5,2,4,3,4,4,4,5,3,3,3,3,1
30,0,doneV3,1,24,0,1,1,0,0,1,2,1,5.0,2,2,2.0,1,0,3,1,6,2.0,2,4,1,5,2,1,2,1.0,2.0,3,3.0,5,3.0,5.0,3.0,2,3.0,4,5.0,4,6,1.0,5.0,6.0,2,4,5,4,5,6,5,4,1,1,4,1,1,0,0,1,1,3,1,3,1,5,3,3,5,5,4,3,2,3,4,1,5.0,0.4,1,1,1,2,1,4,6.0,5.0,4.0,4.0,3.0,3.0,4.0,3.0,4.0,2.0,2.0,4.0,4.0,4.0,3,4.0,5,5,5,4,5,3,3,3,4,9,4,5,4,4,3,3,4,4,5,2,4,3,2,1,3,3,4,0
31,0,DP2410,2,27,1,1,0,0,0,2,1,4,2.0,3,1,,5,3,2,4,19,9.5,4,0,5,4,4,5,4,5.0,5.0,5,5.0,3,5.0,5.0,3.0,3,3.0,2,4.0,2,6,4.0,3.0,5.0,3,4,5,6,4,5,4,7,4,6,6,1,2,1,4,6,3,3,5,3,6,4,4,3,5,4,4,5,4,4,1,1,28.0,9.9,5,3,5,2,3,2,6.0,6.0,6.0,7.0,5.0,5.0,4.0,5.0,3.0,4.0,7.0,6.0,6.0,7.0,3,3.0,4,2,3,3,3,4,6,4,3,2,2,2,5,4,5,3,6,2,5,5,6,4,4,5,5,3,3,0
32,0,draft1,2,24,1,1,0,1,0,2,4,4,3.0,1,1,,5,4,4,0,31,9.9,5,4,5,4,4,3,3,4.0,3.0,4,6.0,4,3.0,4.0,2.0,5,3.0,4,5.0,4,6,3.0,4.0,6.0,5,4,5,5,5,4,5,5,4,5,4,1,3,5,5,6,6,6,4,5,4,3,4,5,3,4,3,4,5,5,1,1,13.0,5.9,3,16,4,5,4,3,5.0,7.0,5.0,5.0,4.0,3.0,3.0,3.0,3.0,2.0,5.0,6.0,4.0,4.0,3,3.0,4,3,5,4,4,3,5,4,3,3,6,6,7,6,6,7,5,3,4,4,6,2,3,5,4,4,3,1
33,0,DS1611,1,23,1,0,0,1,0,2,2,3,3.0,1,1,4.0,4,4,4,4,18,3.3,4,5,3,5,2,3,1,3.0,4.0,3,2.0,4,3.0,4.0,5.0,4,5.0,4,5.0,5,3,3.0,3.0,5.0,4,6,5,3,3,3,5,3,3,3,3,2,6,3,4,2,5,5,4,4,5,4,2,5,2,3,3,3,3,2,1,0,2.0,1.1,1,0,2,1,2,1,5.0,5.0,3.0,5.0,4.0,5.0,4.0,4.0,3.0,4.0,4.0,5.0,,1.0,3,3.0,2,3,3,7,5,4,2,3,3,5,3,5,4,4,5,5,4,5,5,3,5,2,4,3,5,2,4,0
34,0,DU0201,2,27,1,0,1,0,0,2,3,3,6.0,3,3,2.0,1,3,4,4,7,3.4,2,3,2,3,4,3,4,2.0,4.0,5,5.0,5,3.0,4.0,3.0,5,3.0,4,4.0,4,2,4.0,4.0,3.0,5,4,5,4,5,5,5,4,3,2,5,1,0,2,3,3,3,4,3,6,3,6,6,3,5,3,3,3,4,5,3,1,7.0,6.3,1,1,2,4,2,1,3.0,6.0,5.0,3.0,5.0,3.0,4.0,3.0,3.0,4.0,5.0,2.0,4.0,4.0,3,4.0,5,4,5,6,7,3,3,3,2,2,2,3,3,5,4,3,5,5,5,2,6,2,2,1,2,3,3,0
35,0,DU0212,1,28,0,1,1,1,0,2,2,3,3.0,1,2,,4,4,3,0,7,16.4,5,15,5,2,5,2,4,5.0,5.0,3,3.0,3,3.0,3.0,6.0,4,5.0,5,3.0,4,3,4.0,4.0,4.0,5,6,5,5,5,6,6,3,4,4,4,1,7,5,5,5,6,5,3,5,2,4,4,5,3,4,3,2,2,3,4,1,2.0,3.5,3,9,3,1,3,3,4.0,2.0,1.0,3.0,2.0,3.0,4.0,3.0,4.0,3.0,6.0,4.0,7.0,3.0,3,3.0,4,2,5,3,2,2,3,4,2,7,2,1,3,3,3,2,5,2,5,4,4,2,4,2,3,4,3,1
36,0,DU1407,1,26,0,1,1,0,0,2,3,3,4.0,3,3,2.0,1,2,2,5,4,3.7,2,1,1,3,3,5,6,5.0,5.0,5,5.0,3,5.0,2.0,4.0,4,7.0,5,2.0,6,4,6.0,3.0,2.0,5,5,5,3,2,3,3,4,5,4,3,1,1,3,3,3,6,4,4,5,3,4,5,2,5,4,4,3,4,3,3,1,0.0,4.1,1,0,1,5,1,2,2.0,3.0,3.0,2.0,2.0,2.0,3.0,2.0,2.0,2.0,3.0,3.0,3.0,1.0,3,4.0,6,2,5,4,4,1,2,3,3,1,2,4,4,4,2,2,2,7,2,2,5,3,4,4,3,4,4,0
37,0,duyetA,1,27,1,0,0,0,0,1,3,2,2.0,1,1,4.0,4,3,1,1,28,8.5,3,0,4,3,6,4,4,7.0,5.0,6,4.0,4,3.0,2.0,5.0,6,4.0,6,3.0,5,1,6.0,7.0,3.0,5,5,5,5,6,6,5,5,5,6,6,1,0,2,2,3,2,5,5,1,6,3,4,4,4,3,2,4,4,4,1,1,9.0,10.6,4,5,5,5,1,2,4.0,4.0,5.0,4.0,5.0,5.0,4.0,4.0,3.0,4.0,5.0,7.0,7.0,5.0,3,5.0,5,6,7,7,7,5,4,3,4,3,6,6,6,4,7,6,3,5,3,5,2,4,2,4,4,5,4,1
38,0,EK0804,2,27,0,1,0,0,0,1,3,1,3.0,1,2,3.0,3,0,3,1,12,5.5,3,0,3,4,3,3,4,4.0,3.0,5,5.0,4,,4.0,7.0,3,3.0,4,3.0,4,3,5.0,4.0,6.0,5,3,5,4,3,5,4,5,7,5,5,2,2,1,0,1,1,1,4,3,6,4,2,5,2,1,2,4,3,2,2,1,3.0,5.0,3,9,3,4,2,1,3.0,5.0,4.0,3.0,4.0,3.0,3.0,4.0,3.0,2.0,5.0,5.0,5.0,4.0,3,3.0,4,4,3,5,5,5,4,3,3,5,4,4,4,5,3,4,4,5,3,5,3,6,3,3,3,4,4,0
39,0,EN1003,2,28,0,0,1,0,0,1,3,3,2.0,2,3,4.0,3,3,4,5,25,2.3,4,0,3,2,4,3,2,4.0,4.0,4,4.0,4,3.0,4.0,5.0,6,5.0,6,3.0,6,2,4.0,3.0,4.0,4,5,5,4,5,5,5,3,2,3,4,2,2,2,5,4,4,4,4,6,2,5,3,6,3,4,3,3,3,3,3,0,27.0,5.5,3,1,5,1,5,3,5.0,4.0,,4.0,5.0,4.0,3.0,4.0,4.0,4.0,4.0,6.0,4.0,5.0,5,4.0,5,6,6,3,4,5,4,3,3,10,5,5,5,5,4,5,5,5,4,5,2,5,3,4,1,4,3,1
40,0,EN2309,1,33,0,1,0,0,0,2,3,4,4.0,3,2,3.0,2,0,2,2,5,6.1,2,4,3,1,5,5,3,3.0,3.0,4,,3,1.0,2.0,,7,4.0,5,,6,1,5.0,4.0,3.0,4,6,5,3,4,3,4,3,4,3,3,1,4,1,1,3,3,3,4,1,4,2,4,5,4,3,3,1,1,1,2,1,18.0,2.2,2,8,3,1,1,1,4.0,4.0,3.0,2.0,5.0,3.0,2.0,3.0,2.0,2.0,3.0,3.0,2.0,3.0,3,4.0,4,6,4,4,4,1,3,3,2,3,3,3,2,3,2,3,3,6,3,2,4,2,3,1,1,2,3,0
41,0,file01,2,29,1,1,1,0,0,2,4,2,4.0,1,2,1.0,1,0,4,1,2,1.2,1,0,1,4,4,2,4,3.0,3.0,3,3.0,4,3.0,4.0,3.0,4,4.0,4,4.0,4,4,5.0,2.0,3.0,4,3,5,5,4,4,4,3,5,4,4,1,1,0,0,1,1,1,4,4,4,3,5,4,3,3,3,4,5,4,2,1,5.0,2.2,2,0,1,3,2,3,4.0,4.0,5.0,4.0,3.0,4.0,,6.0,4.0,4.0,5.0,5.0,4.0,4.0,3,5.0,4,5,3,4,3,2,4,2,3,2,2,2,3,3,3,4,4,3,3,4,6,4,2,2,3,3,3,0
42,0,fileV4,2,32,0,1,0,1,0,2,3,7,6.0,3,2,,5,4,4,5,32,12.2,3,1,5,2,5,3,3,4.0,4.0,5,6.0,4,5.0,2.0,7.0,5,6.0,6,4.0,5,3,6.0,5.0,1.0,5,6,5,6,5,5,5,5,4,4,5,1,1,5,5,6,7,6,5,5,2,5,3,5,3,4,4,2,2,3,2,1,4.0,13.3,5,7,5,1,6,4,5.0,6.0,5.0,5.0,5.0,4.0,4.0,3.0,4.0,3.0,5.0,5.0,3.0,6.0,3,4.0,5,5,5,4,5,4,6,3,4,19,6,6,6,4,6,7,6,4,5,4,3,3,4,3,1,4,3,1
43,0,final2,1,24,1,1,1,0,0,2,2,4,2.0,1,1,1.0,1,2,4,4,0,6.3,1,1,1,2,3,2,1,1.0,2.0,4,4.0,5,2.0,4.0,5.0,4,5.0,4,5.0,5,4,4.0,3.0,5.0,3,5,5,3,4,5,4,3,2,4,6,1,9,4,4,4,5,5,2,1,5,1,3,6,3,3,4,1,2,2,1,0,1.0,0.9,1,3,1,2,4,4,5.0,2.0,3.0,4.0,3.0,3.0,2.0,,2.0,3.0,4.0,2.0,3.0,2.0,3,4.0,3,3,4,4,3,4,2,3,2,11,3,4,2,3,3,2,1,5,2,2,4,3,2,3,4,5,4,1
44,0,FP1607,2,28,1,1,0,0,0,1,2,3,4.0,1,2,2.0,2,4,1,0,19,1.6,1,8,2,2,4,4,4,3.0,7.0,5,6.0,3,5.0,1.0,5.0,7,7.0,7,1.0,6,1,6.0,7.0,1.0,7,7,5,5,6,6,5,6,5,5,4,2,13,5,5,7,6,6,6,4,3,6,3,6,3,2,1,3,3,3,2,0,33.0,21.9,5,24,5,3,1,3,5.0,4.0,3.0,3.0,3.0,7.0,7.0,6.0,6.0,6.0,6.0,4.0,5.0,5.0,3,5.0,7,6,6,3,4,4,3,5,4,11,6,6,6,7,7,7,5,3,4,2,4,3,6,3,5,2,3,0
45,0,GI2105,1,23,1,1,1,0,0,1,3,3,4.0,3,1,1.0,1,2,4,1,8,1.0,1,0,1,3,3,3,2,2.0,4.0,3,3.0,5,3.0,3.0,3.0,4,5.0,5,3.0,7,3,4.0,6.0,4.0,6,4,5,4,5,5,2,1,1,2,3,1,3,3,2,3,2,5,3,1,6,2,3,6,4,2,3,2,2,1,1,1,8.0,1.3,2,1,2,3,6,1,,1.0,3.0,2.0,2.0,5.0,4.0,5.0,4.0,3.0,3.0,4.0,3.0,2.0,3,3.0,3,2,2,5,5,2,4,2,3,0,1,1,1,2,1,1,3,6,3,1,5,4,2,3,2,2,2,1
46,0,GL1902,1,32,0,0,1,1,0,2,3,2,4.0,3,3,1.0,2,0,5,2,0,3.0,2,3,1,4,6,4,3,,6.0,3,6.0,3,2.0,7.0,5.0,5,4.0,4,3.0,3,4,3.0,4.0,5.0,3,6,5,5,5,6,4,2,2,4,5,1,3,0,0,3,2,3,4,4,4,3,3,3,5,3,2,3,2,4,1,1,0.0,2.7,1,1,2,2,6,4,4.0,3.0,3.0,2.0,2.0,3.0,3.0,4.0,4.0,3.0,2.0,2.0,2.0,1.0,3,4.0,5,4,5,7,7,2,3,3,2,2,1,2,1,1,3,1,5,5,3,5,3,4,3,2,1,3,3,0
47,0,GO0601,2,25,1,0,0,0,0,2,4,3,2.0,1,1,2.0,3,0,4,1,2,1.6,2,15,2,2,3,3,2,2.0,2.0,4,2.0,1,2.0,7.0,2.0,2,2.0,2,7.0,1,7,1.0,4.0,5.0,3,2,5,1,3,3,3,3,5,5,5,1,0,0,0,1,1,1,3,5,4,6,2,3,3,4,4,3,3,3,1,1,2.0,2.8,1,3,1,3,5,3,5.0,4.0,5.0,3.0,4.0,1.0,3.0,1.0,4.0,1.0,,5.0,3.0,4.0,3,2.0,2,3,4,3,3,1,1,1,2,3,4,2,3,3,4,3,3,4,5,4,3,4,2,3,4,4,3,1
48,0,GR0702,2,27,1,0,0,1,0,2,4,3,99.0,4,1,2.0,2,3,5,5,10,3.1,2,2,2,4,4,5,4,4.0,2.0,5,5.0,4,3.0,3.0,5.0,6,2.0,5,5.0,5,4,3.0,2.0,5.0,3,4,2,7,7,5,5,2,2,3,2,2,5,5,5,5,5,4,3,2,5,3,3,4,4,5,4,1,1,4,1,1,,1.9,2,0,2,4,6,1,4.0,4.0,4.0,4.0,5.0,3.0,3.0,1.0,1.0,3.0,4.0,3.0,3.0,5.0,3,4.0,5,4,6,7,7,3,3,3,3,6,5,5,7,5,3,4,3,5,4,4,5,3,3,2,4,5,5,1
49,0,GU1412,1,28,1,1,1,0,0,2,3,3,2.0,2,2,3.0,2,1,5,3,3,2.5,3,0,3,2,4,3,4,2.0,5.0,4,6.0,5,5.0,4.0,5.0,4,4.0,6,5.0,5,4,5.0,7.0,3.0,4,4,5,5,5,6,5,4,4,4,4,1,0,3,2,4,3,5,3,3,4,3,3,5,5,3,3,3,2,3,2,1,19.0,4.6,5,6,4,4,5,1,6.0,6.0,4.0,5.0,6.0,5.0,6.0,7.0,6.0,5.0,5.0,5.0,5.0,4.0,3,3.0,2,3,4,4,4,4,4,2,3,3,4,6,3,4,5,5,3,4,3,3,5,3,3,4,2,4,3,0
50,0,gui102,2,27,1,0,0,0,0,1,3,2,1.0,3,1,3.0,3,2,4,3,32,1.5,3,3,3,2,5,5,5,5.0,5.0,5,5.0,5,5.0,5.0,5.0,5,5.0,5,5.0,5,5,5.0,5.0,5.0,5,5,5,5,5,5,5,5,5,5,5,1,0,2,2,5,5,5,4,5,5,5,5,5,5,1,1,4,3,3,2,0,11.0,11.5,5,19,5,1,1,1,4.0,3.0,3.0,3.0,3.0,3.0,4.0,5.0,3.0,3.0,,4.0,3.0,5.0,3,5.0,6,7,4,3,3,2,3,2,2,4,2,1,4,3,3,3,2,4,5,4,4,4,2,4,4,1,1,1
51,0,GY2412,2,30,1,0,0,0,0,2,3,4,3.0,1,1,4.0,3,4,2,0,7,5.9,3,3,4,1,2,4,3,3.0,3.0,6,4.0,5,3.0,4.0,6.0,4,3.0,3,5.0,4,2,4.0,5.0,4.0,5,5,5,4,6,3,4,3,3,5,3,6,9,5,5,6,6,5,3,6,3,5,2,6,2,4,3,2,3,2,1,1,10.0,2.2,3,2,3,2,3,4,6.0,4.0,3.0,4.0,4.0,4.0,6.0,6.0,7.0,,5.0,5.0,5.0,5.0,3,3.0,4,3,5,4,4,3,4,2,3,16,6,5,5,7,6,6,2,5,4,4,4,7,2,3,5,4,4,1
52,0,HA0406,2,27,1,0,0,1,0,1,3,3,2.0,2,1,3.0,3,0,5,2,10,7.8,2,9,3,4,3,2,3,4.0,3.0,3,5.0,5,3.0,4.0,3.0,3,4.0,3,5.0,6,2,5.0,6.0,5.0,4,3,5,3,4,4,4,2,3,4,4,1,0,1,1,2,2,3,3,5,2,5,4,3,6,4,4,3,2,3,1,1,5.0,2.8,2,1,3,2,1,1,5.0,5.0,6.0,,6.0,3.0,3.0,3.0,4.0,3.0,4.0,2.0,2.0,2.0,3,5.0,3,4,3,2,3,3,2,4,1,1,1,1,2,4,2,2,5,4,5,5,6,3,2,3,4,5,5,1
53,0,HA1704,2,29,1,1,0,0,0,2,3,3,3.0,1,2,1.0,1,3,3,4,14,2.8,2,0,1,1,4,4,4,4.0,3.0,4,5.0,5,4.0,4.0,4.0,5,4.0,4,4.0,5,5,4.0,5.0,5.0,6,4,5,7,7,7,7,6,5,5,5,1,1,3,4,4,3,5,4,2,7,1,4,4,4,2,2,5,4,2,2,1,10.0,3.7,3,6,3,3,3,1,5.0,5.0,3.0,5.0,3.0,6.0,5.0,4.0,6.0,4.0,4.0,5.0,4.0,4.0,3,5.0,6,5,5,5,5,4,2,4,3,1,4,3,3,4,6,4,3,7,3,6,3,3,2,4,3,3,2,1
54,0,HA2508,2,24,1,1,0,1,0,1,3,3,6.0,2,2,2.0,2,0,4,2,18,3.1,3,4,2,4,4,4,5,4.0,4.0,5,4.0,3,5.0,7.0,3.0,3,1.0,3,5.0,4,6,4.0,3.0,4.0,4,4,2,5,5,7,3,3,5,3,6,1,1,0,0,2,1,2,5,4,3,4,4,4,4,4,3,4,3,5,2,1,11.0,6.1,4,5,5,3,3,3,3.0,3.0,4.0,1.0,2.0,4.0,5.0,4.0,4.0,4.0,6.0,5.0,5.0,6.0,3,6.0,5,5,6,5,6,3,4,3,2,4,1,1,1,2,1,2,5,5,4,1,5,3,4,4,5,3,3,1
55,0,HI0704,0,30,0,1,1,0,0,3,4,5,1.0,3,2,2.0,2,0,5,1,5,8.1,2,4,2,2,4,4,4,3.0,4.0,5,5.0,3,4.0,7.0,3.0,4,3.0,4,5.0,6,4,4.0,4.0,,4,3,5,3,4,5,2,3,2,3,3,1,1,0,0,4,2,2,5,1,6,2,3,4,5,4,3,5,4,3,2,1,25.0,3.7,3,5,3,2,2,1,3.0,3.0,3.0,4.0,3.0,6.0,7.0,3.0,4.0,5.0,3.0,2.0,4.0,2.0,3,2.0,3,3,3,5,4,4,4,3,5,3,2,2,2,3,2,2,5,6,4,5,4,4,2,3,3,4,4,0
56,0,HN2409,0,27,1,0,1,1,0,1,3,3,5.0,4,3,3.0,2,1,4,3,30,4.6,3,5,3,2,6,4,4,4.0,7.0,6,5.0,1,5.0,6.0,3.0,4,4.0,3,6.0,3,4,3.0,5.0,6.0,5,5,5,5,6,6,5,3,4,3,3,1,11,2,2,4,3,4,6,2,4,3,4,4,4,2,3,3,2,2,3,1,10.0,3.1,1,4,2,1,1,2,7.0,7.0,6.0,7.0,7.0,2.0,2.0,2.0,3.0,2.0,6.0,2.0,3.0,2.0,3,4.0,4,4,3,4,3,4,3,4,4,8,5,3,4,4,4,5,3,4,3,4,5,4,3,3,4,3,4,1
57,0,HT0303,1,23,1,0,1,0,0,1,3,3,1.0,2,1,,4,3,3,3,21,8.9,4,3,5,4,6,5,3,3.0,3.0,6,6.0,4,6.0,2.0,5.0,6,5.0,5,3.0,4,2,4.0,6.0,3.0,6,4,5,4,5,6,5,4,5,3,5,1,8,3,2,4,5,4,4,2,6,4,4,3,3,4,3,5,4,3,1,1,1.0,7.1,2,0,2,2,6,3,3.0,3.0,5.0,4.0,4.0,2.0,4.0,6.0,4.0,4.0,4.0,6.0,4.0,1.0,3,4.0,6,4,6,4,4,4,3,4,2,2,5,6,6,3,5,5,4,5,3,4,5,3,3,2,2,5,4,0
58,0,HTX322,2,25,0,1,0,0,0,2,1,3,4.0,2,2,3.0,1,0,2,2,1,4.4,2,5,3,4,2,2,1,3.0,1.0,4,3.0,6,3.0,5.0,4.0,5,5.0,5,6.0,3,3,5.0,5.0,5.0,4,5,5,5,6,7,5,4,2,3,3,1,1,0,0,2,3,2,3,3,5,4,2,6,2,3,2,3,2,3,2,1,19.0,3.3,3,5,3,3,5,3,2.0,2.0,2.0,4.0,4.0,3.0,4.0,2.0,2.0,3.0,4.0,3.0,7.0,4.0,3,6.0,5,4,4,5,5,3,1,2,1,3,2,2,3,4,2,2,4,3,2,2,6,1,5,1,4,3,3,0
59,0,HU2311,2,25,0,1,0,0,0,2,4,2,4.0,1,2,3.0,2,4,3,0,11,1.9,2,6,3,4,6,5,5,5.0,4.0,3,4.0,3,5.0,4.0,5.0,6,3.0,6,6.0,5,3,6.0,5.0,4.0,7,4,5,5,4,4,4,4,4,4,4,1,11,5,5,6,5,6,5,6,3,4,5,2,6,2,2,4,4,4,2,1,13.0,2.3,2,1,4,2,5,1,4.0,4.0,4.0,4.0,4.0,4.0,4.0,4.0,4.0,4.0,4.0,4.0,4.0,4.0,3,4.0,4,4,4,6,4,4,4,4,4,4,5,3,4,4,4,3,4,4,4,4,4,4,2,2,2,3,4,0
60,0,IL2009,0,30,0,0,1,1,0,1,3,3,2.0,2,3,3.0,3,1,4,4,11,3.7,2,8,3,4,3,4,2,3.0,5.0,5,5.0,2,4.0,4.0,5.0,5,4.0,5,4.0,4,4,4.0,4.0,5.0,5,3,5,4,3,4,3,4,4,7,5,1,1,1,3,2,2,4,4,5,4,6,4,5,4,3,4,5,4,5,3,1,8.0,3.9,4,10,4,2,1,1,4.0,4.0,5.0,5.0,4.0,4.0,3.0,5.0,4.0,,3.0,2.0,2.0,2.0,3,6.0,6,7,6,5,6,3,4,4,4,7,4,4,4,4,2,4,5,5,2,5,3,5,4,2,4,4,4,0
61,0,IO3107,2,33,0,0,1,1,0,2,4,3,4.0,3,3,4.0,4,3,1,0,10,2.4,3,6,4,4,3,2,4,2.0,3.0,6,4.0,5,2.0,3.0,4.0,5,6.0,6,3.0,6,3,6.0,6.0,2.0,3,5,5,4,5,5,5,7,6,5,6,1,2,5,5,4,5,5,3,5,3,4,4,4,2,2,2,3,2,3,2,1,7.0,9.3,3,3,3,4,2,1,4.0,5.0,5.0,3.0,4.0,4.0,3.0,3.0,3.0,4.0,5.0,3.0,3.0,4.0,3,3.0,2,4,3,3,3,3,4,3,3,4,3,4,5,2,5,3,4,5,5,1,7,1,4,5,5,3,3,1
62,0,IS0202,2,25,1,0,1,0,0,2,3,3,2.0,2,1,2.0,2,1,4,5,8,2.4,2,6,2,4,4,3,3,4.0,3.0,5,5.0,2,4.0,2.0,4.0,6,4.0,5,5.0,4,2,4.0,5.0,3.0,4,7,5,5,5,3,6,3,4,6,5,2,1,3,2,4,4,2,4,5,1,5,4,4,3,3,2,3,4,3,1,1,6.0,3.1,3,4,3,2,1,3,4.0,5.0,6.0,4.0,5.0,6.0,7.0,7.0,6.0,7.0,5.0,5.0,5.0,5.0,3,3.0,4,4,4,3,2,4,4,2,3,8,6,6,7,6,5,6,6,4,6,2,6,3,2,3,2,3,2,0
63,0,JZ1112,2,28,1,1,0,1,0,1,2,2,4.0,2,2,3.0,2,1,4,2,14,2.8,2,0,2,2,3,3,1,2.0,3.0,2,3.0,5,3.0,5.0,2.0,4,4.0,5,6.0,3,5,2.0,2.0,4.0,2,4,5,5,5,6,4,3,4,4,3,1,1,2,1,3,3,3,3,5,4,3,3,4,5,2,2,3,5,2,2,1,8.0,4.4,4,11,3,4,3,2,5.0,5.0,4.0,5.0,3.0,4.0,3.0,4.0,2.0,,5.0,2.0,3.0,3.0,3,5.0,4,5,5,3,3,3,3,1,3,17,3,3,2,4,6,3,5,2,4,3,4,4,3,4,2,3,3,0
64,0,KE0911,2,26,1,0,1,0,0,2,4,1,3.0,2,1,3.0,3,1,3,1,2,5.1,2,6,3,2,3,5,3,3.0,1.0,4,3.0,4,4.0,4.0,4.0,6,5.0,4,4.0,3,2,4.0,5.0,4.0,6,4,5,5,4,5,6,6,5,6,5,1,0,1,0,2,1,4,4,4,4,4,4,3,4,5,4,2,2,4,1,1,3.0,3.1,2,2,3,4,3,1,6.0,5.0,5.0,4.0,5.0,3.0,3.0,4.0,3.0,4.0,4.0,3.0,2.0,4.0,3,4.0,5,4,3,4,4,4,4,3,5,4,3,2,5,4,3,4,5,4,5,5,3,6,4,3,5,4,4,0
65,0,KE2201,2,28,0,1,1,1,0,2,3,3,5.0,1,2,3.0,3,2,4,2,6,4.8,3,1,2,3,5,5,5,5.0,5.0,5,5.0,5,5.0,5.0,5.0,5,5.0,5,5.0,5,5,5.0,5.0,5.0,5,5,5,5,5,5,5,5,5,5,5,1,1,2,1,5,5,5,3,5,5,5,5,5,5,3,3,3,3,2,1,1,1.0,2.5,3,0,2,2,2,2,5.0,3.0,5.0,3.0,5.0,3.0,5.0,6.0,6.0,6.0,4.0,2.0,5.0,5.0,3,,4,5,4,4,4,4,3,2,4,3,4,4,5,3,4,5,5,5,4,3,4,3,4,3,5,4,3,0
66,0,KF0603,2,28,0,1,0,0,0,3,3,2,1.0,3,2,2.0,2,1,4,2,5,3.5,2,1,2,5,3,2,3,2.0,2.0,4,4.0,2,4.0,6.0,2.0,3,3.0,5,5.0,3,4,2.0,1.0,6.0,3,4,5,5,4,5,4,3,2,3,3,1,2,1,0,3,1,4,2,4,4,5,3,7,3,4,3,4,3,3,2,1,5.0,2.1,2,5,2,3,6,1,5.0,5.0,7.0,6.0,5.0,3.0,3.0,2.0,2.0,2.0,5.0,5.0,5.0,7.0,3,4.0,4,5,3,6,7,5,3,3,4,0,1,1,1,3,1,2,4,6,4,5,3,5,4,3,3,3,3,1
67,0,KH2211,2,24,0,0,1,1,0,1,3,3,5.0,1,4,2.0,1,0,3,3,4,1.5,1,4,2,4,3,4,4,3.0,2.0,4,2.0,2,3.0,4.0,4.0,4,4.0,6,2.0,4,4,2.0,4.0,4.0,4,2,5,3,5,6,4,4,3,4,4,1,3,1,2,4,3,3,4,3,2,4,3,4,4,5,4,3,3,3,4,1,19.0,4.6,3,3,3,5,3,4,4.0,5.0,5.0,4.0,4.0,3.0,,5.0,7.0,5.0,6.0,4.0,3.0,5.0,3,4.0,5,4,4,7,7,5,3,6,3,3,3,3,2,4,5,5,5,3,4,4,4,4,5,4,3,5,4,0
68,0,KO0809,2,29,1,1,0,1,0,2,3,3,1.0,1,2,3.0,2,3,5,4,6,2.8,2,7,3,3,3,4,3,3.0,5.0,4,5.0,3,3.0,6.0,3.0,3,4.0,5,4.0,3,5,5.0,2.0,3.0,3,3,5,6,5,6,5,5,3,5,6,1,0,3,2,4,3,5,4,3,4,3,3,6,2,2,2,4,4,5,1,0,6.0,3.8,3,5,3,4,5,3,5.0,3.0,4.0,4.0,5.0,4.0,4.0,3.0,4.0,5.0,4.0,4.0,3.0,4.0,3,6.0,4,7,5,5,5,4,5,3,3,13,6,5,5,6,6,5,3,5,5,2,6,3,4,4,4,3,3,1
69,0,kpi100,2,30,0,1,0,1,0,2,1,2,2.0,4,4,3.0,2,0,5,2,14,5.9,2,3,3,5,1,3,2,2.0,2.0,1,3.0,5,2.0,5.0,5.0,5,3.0,3,5.0,4,6,4.0,5.0,5.0,2,4,7,3,3,4,3,4,5,4,3,1,0,0,1,4,2,3,2,6,3,5,4,6,4,3,3,2,3,2,4,1,2.0,0.9,1,1,1,4,2,1,7.0,7.0,7.0,5.0,6.0,3.0,3.0,5.0,4.0,5.0,4.0,4.0,3.0,4.0,3,5.0,3,3,2,4,3,4,4,2,5,3,1,1,1,2,3,1,3,5,4,4,3,5,2,2,4,4,4,0
70,0,KS1712,0,26,0,1,0,0,0,2,3,2,1.0,3,2,3.0,3,1,5,1,20,3.7,2,3,2,4,5,5,4,4.0,4.0,4,4.0,4,3.0,2.0,6.0,5,5.0,5,4.0,6,3,7.0,4.0,2.0,5,4,5,4,4,2,3,4,4,6,3,1,0,0,1,2,3,3,4,3,7,3,1,7,2,4,2,3,3,2,2,1,16.0,2.8,2,0,2,3,1,1,5.0,4.0,6.0,5.0,7.0,3.0,4.0,4.0,4.0,2.0,3.0,4.0,3.0,4.0,3,4.0,5,5,5,5,5,2,3,4,4,0,3,4,4,1,4,4,3,5,2,4,3,6,2,2,2,4,3,0
71,0,KU1609,2,26,0,0,1,0,0,2,1,3,6.0,2,3,1.0,1,2,5,5,16,2.3,1,2,1,2,6,5,4,3.0,6.0,5,5.0,2,6.0,3.0,5.0,6,4.0,6,2.0,5,1,7.0,3.0,4.0,6,5,5,4,4,5,4,3,4,3,4,1,13,2,5,3,4,5,4,7,2,5,4,3,4,3,3,2,2,3,3,1,4.0,7.8,5,5,4,3,2,1,6.0,5.0,7.0,7.0,6.0,3.0,5.0,4.0,6.0,4.0,4.0,5.0,3.0,4.0,3,3.0,3,4,3,5,4,6,5,6,3,9,3,6,5,5,6,4,6,1,6,2,5,4,3,5,2,2,2,1
72,0,KY1405,2,31,1,1,1,0,0,2,1,3,2.0,2,2,2.0,2,3,2,5,21,4.3,3,6,3,3,6,4,3,4.0,4.0,6,5.0,5,5.0,3.0,5.0,7,4.0,4,2.0,7,4,6.0,5.0,2.0,6,6,5,6,6,5,7,5,5,5,7,1,2,4,5,4,4,6,4,3,6,4,2,6,4,4,4,5,5,4,2,1,9.0,5.5,3,5,4,2,3,4,6.0,6.0,5.0,6.0,7.0,4.0,3.0,3.0,3.0,4.0,5.0,7.0,6.0,6.0,7,1.0,3,2,2,3,3,5,4,3,5,7,5,5,5,3,6,5,5,3,5,3,5,2,2,3,3,5,4,0
73,0,KY2204,0,32,1,0,0,0,0,1,1,5,1.0,1,1,,4,4,2,5,24,22.9,5,2,5,4,6,5,5,4.0,4.0,5,5.0,3,4.0,5.0,6.0,4,4.0,5,3.0,6,2,5.0,7.0,5.0,7,7,5,5,7,5,5,5,5,6,5,1,1,5,5,6,6,7,5,3,4,3,3,4,3,4,4,2,3,2,1,1,37.0,4.2,4,5,5,4,1,3,4.0,7.0,5.0,4.0,6.0,4.0,3.0,3.0,3.0,4.0,3.0,4.0,3.0,1.0,3,2.0,2,2,3,2,3,4,2,4,2,3,4,4,4,4,5,3,3,3,4,5,5,4,2,3,3,4,3,0
74,0,LA0907,2,26,0,1,0,0,0,2,4,3,6.0,2,2,2.0,2,2,2,3,5,2.2,1,3,2,2,3,3,3,3.0,3.0,3,3.0,3,3.0,3.0,3.0,3,3.0,3,3.0,3,3,3.0,3.0,3.0,3,3,5,3,3,3,3,3,3,3,3,1,2,1,2,3,3,3,4,3,3,3,3,3,3,4,4,5,4,4,2,1,8.0,3.6,3,2,3,3,5,2,5.0,5.0,3.0,4.0,3.0,4.0,4.0,2.0,3.0,4.0,4.0,5.0,4.0,4.0,3,3.0,5,4,5,6,6,5,2,3,4,2,3,2,3,3,3,3,2,6,3,3,5,2,4,6,5,4,4,1
75,0,LE0904,1,25,1,1,0,0,0,1,2,3,2.0,2,2,2.0,2,0,3,3,8,3.0,2,0,3,4,3,3,2,3.0,3.0,4,5.0,2,3.0,3.0,4.0,3,6.0,5,3.0,6,3,5.0,3.0,4.0,5,5,5,5,6,7,6,3,2,3,3,1,0,1,1,3,3,4,4,4,4,4,1,5,2,4,4,2,3,3,2,1,5.0,3.8,3,4,2,3,2,3,5.0,7.0,5.0,4.0,7.0,5.0,4.0,5.0,5.0,4.0,6.0,4.0,5.0,4.0,3,4.0,3,4,4,4,3,3,4,3,4,2,2,4,3,3,4,3,5,5,4,3,5,3,3,4,3,4,4,0
76,0,LE1804,2,24,1,0,0,0,0,2,2,3,4.0,3,1,3.0,4,2,3,5,7,2.4,3,1,3,4,2,3,2,3.0,3.0,3,3.0,3,3.0,6.0,2.0,4,4.0,4,4.0,5,5,4.0,1.0,2.0,4,3,5,4,5,5,5,4,3,4,2,1,3,2,4,2,4,3,3,3,4,3,3,4,2,4,3,2,2,2,1,1,0.0,0.9,1,0,2,5,2,4,3.0,5.0,4.0,2.0,4.0,6.0,4.0,3.0,5.0,6.0,6.0,5.0,4.0,4.0,3,4.0,3,3,3,4,4,2,5,3,3,16,6,6,7,7,5,7,3,4,3,3,4,3,1,2,3,3,3,1
77,0,LI0104,1,23,1,0,0,0,0,2,1,3,6.0,1,1,2.0,1,0,5,2,3,2.1,1,0,2,3,4,4,2,2.0,2.0,4,1.0,5,4.0,3.0,5.0,6,5.0,5,2.0,7,2,3.0,6.0,1.0,6,6,5,4,6,6,3,7,6,4,6,2,0,0,1,3,1,1,3,4,3,4,5,3,4,3,4,2,3,3,1,1,5.0,2.4,3,2,2,4,5,2,4.0,3.0,4.0,3.0,4.0,3.0,6.0,5.0,5.0,4.0,5.0,4.0,5.0,4.0,3,5.0,5,3,6,6,7,2,4,2,4,1,3,2,2,5,4,3,4,6,4,3,4,4,5,6,4,5,4,0
78,0,link01,2,23,1,1,0,0,0,1,4,1,2.0,2,2,,5,4,3,5,34,17.9,5,19,5,4,3,3,4,2.0,2.0,4,3.0,4,3.0,4.0,4.0,4,4.0,3,4.0,5,4,5.0,5.0,5.0,4,4,5,7,5,4,4,4,2,4,4,1,18,5,5,5,5,5,2,3,4,4,3,6,5,4,4,5,4,5,2,1,2.0,2.8,3,4,4,1,2,4,7.0,6.0,5.0,6.0,5.0,2.0,6.0,5.0,5.0,5.0,5.0,2.0,4.0,5.0,3,4.0,5,4,3,4,4,4,4,3,4,16,6,5,7,5,6,5,3,4,5,5,3,5,4,5,5,4,4,1
79,0,list01,1,24,1,0,0,0,0,2,3,6,2.0,1,1,3.0,3,0,1,3,14,10.9,3,15,2,1,2,2,4,2.0,3.0,3,4.0,4,5.0,4.0,5.0,4,5.0,4,7.0,3,5,3.0,3.0,6.0,3,1,7,4,4,5,4,3,1,1,3,1,5,1,2,4,5,3,4,4,5,4,3,4,5,3,3,3,3,3,1,1,2.0,4.4,3,0,3,2,4,1,2.0,4.0,1.0,4.0,3.0,5.0,3.0,4.0,5.0,3.0,5.0,4.0,5.0,5.0,3,3.0,2,2,3,3,3,2,2,3,3,2,4,3,2,3,4,2,4,3,4,3,4,3,2,2,4,3,3,1
80,0,LN1306,1,35,0,0,0,1,0,2,4,1,3.0,2,4,,5,0,4,3,31,18.1,5,34,5,3,4,6,3,6.0,6.0,6,5.0,2,4.0,4.0,4.0,3,3.0,3,4.0,5,3,5.0,5.0,5.0,5,4,5,5,5,5,6,4,4,3,4,2,2,2,2,3,2,2,5,2,6,3,5,5,6,4,4,2,1,1,4,1,43.0,10.7,5,13,5,5,3,4,7.0,6.0,7.0,7.0,7.0,5.0,4.0,5.0,5.0,2.0,5.0,3.0,3.0,3.0,3,5.0,6,5,5,6,5,5,4,4,3,6,6,5,5,6,6,6,6,5,4,3,3,5,5,5,5,4,4,1
81,0,LO0209,2,30,0,1,0,1,0,1,2,3,2.0,1,4,2.0,1,1,4,3,5,2.6,2,1,2,3,5,3,1,3.0,3.0,3,3.0,4,3.0,5.0,4.0,3,5.0,3,5.0,5,4,3.0,3.0,6.0,3,5,5,4,3,5,5,5,4,5,4,1,4,2,2,4,3,6,4,5,5,4,3,4,4,4,2,4,4,3,4,1,2.0,0.5,1,2,2,3,1,3,5.0,4.0,4.0,4.0,6.0,3.0,4.0,4.0,4.0,5.0,2.0,4.0,1.0,1.0,3,2.0,3,3,3,3,3,5,3,4,2,1,1,2,2,2,2,2,6,3,5,6,5,5,3,2,4,3,4,0
82,0,LO0811,2,24,0,1,0,0,0,2,4,3,3.0,3,2,4.0,4,1,5,5,36,8.0,3,6,4,3,7,6,6,6.0,7.0,6,7.0,3,6.0,3.0,7.0,5,6.0,7,2.0,7,1,7.0,6.0,1.0,7,6,5,5,6,6,5,4,3,4,3,1,4,3,3,5,3,4,5,5,4,6,4,5,3,4,3,2,4,4,2,1,18.0,9.7,4,8,5,2,1,3,7.0,5.0,5.0,7.0,7.0,4.0,6.0,4.0,4.0,4.0,5.0,5.0,6.0,5.0,3,5.0,3,4,2,2,2,6,4,4,4,10,6,6,6,6,4,4,4,3,4,2,5,1,5,5,5,3,2,0
83,0,LT2904,2,32,0,0,1,0,0,2,3,3,1.0,4,3,2.0,1,0,5,2,2,2.4,2,5,2,2,3,3,4,2.0,3.0,4,2.0,2,3.0,5.0,4.0,3,4.0,5,6.0,3,5,4.0,4.0,5.0,4,4,5,3,3,6,3,5,5,5,5,1,3,1,0,3,2,3,4,3,3,3,3,5,3,4,3,3,2,3,4,1,2.0,1.1,1,2,1,5,2,1,3.0,3.0,3.0,3.0,3.0,3.0,3.0,3.0,3.0,3.0,3.0,3.0,3.0,3.0,3,3.0,3,3,3,5,4,3,3,3,3,0,1,1,3,3,3,2,3,3,3,3,3,3,3,5,4,3,3,0
84,0,LU0403,2,31,0,1,1,0,0,2,3,3,3.0,2,2,4.0,4,2,4,0,43,6.6,3,48,4,3,4,4,1,4.0,5.0,4,3.0,5,3.0,4.0,5.0,7,3.0,4,5.0,4,1,5.0,5.0,3.0,7,4,5,4,5,5,2,2,3,4,5,2,7,4,2,5,5,4,2,3,4,4,1,5,2,3,2,5,4,3,2,1,105.0,10.9,5,5,4,3,3,3,4.0,2.0,4.0,3.0,5.0,4.0,5.0,4.0,5.0,5.0,5.0,5.0,4.0,4.0,3,3.0,2,2,3,4,5,4,4,2,4,5,6,4,3,4,4,5,3,2,2,4,4,4,3,2,4,4,3,0
85,0,LW2708,0,31,1,0,1,0,0,2,3,3,1.0,1,1,4.0,4,3,3,3,11,13.1,4,10,3,2,4,2,4,4.0,3.0,4,4.0,5,6.0,3.0,3.0,6,4.0,4,4.0,5,3,5.0,3.0,5.0,3,4,5,3,4,4,5,5,4,6,5,2,1,1,2,4,3,4,4,4,5,4,2,7,2,4,2,5,4,4,1,0,16.0,2.1,3,5,4,2,3,3,7.0,6.0,6.0,6.0,7.0,5.0,4.0,4.0,5.0,4.0,5.0,5.0,4.0,,3,7.0,7,7,7,4,4,5,3,3,6,7,4,5,5,4,4,5,3,5,5,2,5,4,3,5,5,3,2,1
86,0,LX1002,0,26,1,0,1,1,0,2,2,2,2.0,1,3,2.0,2,1,5,2,2,2.7,2,2,1,1,4,3,3,1.0,2.0,3,1.0,5,2.0,3.0,6.0,5,5.0,7,4.0,4,1,5.0,4.0,4.0,6,6,5,2,4,3,4,4,5,5,4,1,2,0,0,3,1,2,3,6,2,5,4,3,4,3,3,5,4,2,3,1,8.0,1.9,1,1,2,2,4,2,3.0,3.0,3.0,3.0,3.0,3.0,3.0,3.0,3.0,3.0,3.0,3.0,3.0,3.0,3,3.0,3,3,3,3,4,3,3,3,3,0,1,1,3,3,3,1,3,3,3,3,3,3,3,3,1,2,3,0
87,0,LY1308,1,24,1,1,1,0,0,2,4,1,4.0,3,1,3.0,3,4,4,4,11,10.4,3,8,3,3,6,4,4,2.0,5.0,4,6.0,3,4.0,6.0,4.0,3,1.0,5,4.0,5,3,3.0,1.0,6.0,2,2,5,4,6,5,4,5,5,6,6,1,7,3,5,5,4,6,4,2,5,3,2,5,4,1,2,4,3,3,2,1,3.0,5.1,2,0,4,2,5,1,4.0,5.0,4.0,5.0,4.0,2.0,4.0,3.0,3.0,4.0,6.0,3.0,4.0,4.0,3,3.0,4,4,3,5,4,4,3,5,4,0,5,3,3,5,4,4,1,5,3,4,3,5,4,2,2,1,2,1
88,0,LY2106,2,32,0,1,0,0,0,2,3,3,3.0,1,2,3.0,3,2,5,4,12,3.7,3,6,3,3,4,5,3,4.0,4.0,5,6.0,3,4.0,4.0,5.0,5,5.0,4,5.0,4,4,5.0,4.0,4.0,3,5,5,7,5,6,6,3,4,4,4,1,14,3,4,4,5,4,5,6,4,4,3,4,3,3,3,4,3,4,2,1,12.0,3.9,4,3,3,3,1,2,5.0,5.0,4.0,5.0,5.0,2.0,3.0,1.0,3.0,4.0,5.0,4.0,4.0,3.0,3,3.0,3,3,4,4,5,4,5,4,4,9,6,6,6,4,6,5,5,5,4,5,1,5,4,3,5,3,2,0
89,0,MA2203,2,23,1,0,0,0,0,2,3,3,2.0,1,1,2.0,2,1,3,3,10,7.2,2,4,2,2,5,5,5,6.0,4.0,6,5.0,1,6.0,3.0,3.0,7,6.0,5,4.0,5,1,5.0,5.0,2.0,5,6,5,7,7,7,6,6,6,5,6,1,6,2,2,3,4,4,5,4,5,3,3,3,4,3,3,3,3,3,1,1,6.0,7.4,5,8,5,4,2,1,6.0,6.0,5.0,5.0,6.0,3.0,4.0,4.0,6.0,5.0,5.0,5.0,4.0,4.0,3,2.0,3,3,3,3,4,3,4,4,5,6,5,4,4,4,5,5,4,4,6,2,5,4,3,4,3,3,3,0
90,0,MA2805,2,30,1,0,0,0,0,2,3,3,3.0,1,1,,4,3,5,4,19,12.4,4,17,5,3,4,2,2,1.0,3.0,2,2.0,6,3.0,5.0,2.0,2,3.0,3,6.0,4,4,3.0,3.0,4.0,4,2,5,3,4,3,4,2,3,5,5,1,2,1,4,5,3,4,3,6,2,5,4,5,6,3,4,2,2,2,1,1,12.0,1.7,4,7,4,4,5,3,3.0,3.0,3.0,3.0,3.0,3.0,3.0,3.0,3.0,3.0,3.0,3.0,3.0,3.0,3,3.0,3,3,3,4,5,3,3,3,3,2,4,3,3,3,3,3,3,3,3,3,3,3,3,3,4,3,2,0
91,0,mail03,2,35,0,1,0,1,0,2,3,1,4.0,1,2,2.0,3,0,3,3,6,1.9,3,5,3,2,4,6,5,6.0,7.0,4,5.0,3,4.0,2.0,6.0,7,4.0,7,3.0,7,2,4.0,4.0,4.0,7,4,5,5,4,5,5,3,6,5,4,1,3,2,1,4,4,4,5,4,7,4,4,5,6,5,5,3,4,3,2,1,22.0,3.0,2,0,2,3,1,3,5.0,4.0,6.0,5.0,3.0,1.0,3.0,1.0,2.0,3.0,2.0,1.0,2.0,1.0,3,2.0,2,1,4,4,3,3,3,2,2,2,1,1,1,1,2,1,3,5,5,5,3,5,3,3,3,5,5,0
92,0,ME3101,2,25,1,1,1,0,0,2,2,3,1.0,2,2,3.0,3,3,5,3,16,6.4,2,5,2,2,2,1,2,2.0,2.0,5,3.0,6,1.0,4.0,5.0,5,3.0,4,4.0,5,4,5.0,4.0,5.0,5,4,5,5,3,4,3,3,4,3,5,1,1,3,4,4,5,4,2,5,5,4,5,4,5,4,3,2,2,2,2,1,5.0,13.3,4,9,4,5,2,1,5.0,4.0,4.0,6.0,5.0,5.0,5.0,4.0,7.0,4.0,5.0,5.0,5.0,4.0,3,5.0,4,4,5,7,7,5,5,5,3,4,5,5,4,3,5,5,1,7,2,2,3,4,2,4,3,5,4,1
93,0,MG0906,0,25,0,1,0,1,0,2,1,2,3.0,1,2,1.0,1,2,4,3,3,0.7,1,2,1,3,2,3,3,3.0,1.0,3,4.0,5,3.0,3.0,7.0,4,5.0,6,5.0,5,3,5.0,5.0,3.0,5,6,5,2,2,2,3,1,2,1,1,1,2,3,3,4,4,3,1,2,4,3,4,5,3,3,4,3,2,3,1,0,0.0,1.0,1,4,1,3,5,1,4.0,4.0,5.0,5.0,4.0,3.0,4.0,4.0,5.0,1.0,5.0,2.0,2.0,2.0,3,2.0,3,2,2,5,5,1,2,2,2,1,4,3,3,3,5,4,3,6,3,2,7,3,3,2,3,5,5,0
94,0,MG1803,2,31,0,0,1,1,0,2,4,5,1.0,1,3,4.0,4,0,2,1,12,5.2,3,0,3,2,3,4,3,3.0,4.0,5,3.0,3,2.0,3.0,5.0,4,3.0,4,4.0,5,1,5.0,7.0,4.0,5,5,5,7,6,3,4,4,5,5,5,1,0,2,1,4,3,3,4,2,5,2,2,4,3,3,3,2,4,4,4,1,7.0,5.1,1,0,2,4,2,3,4.0,4.0,3.0,4.0,4.0,3.0,5.0,5.0,4.0,3.0,3.0,3.0,2.0,3.0,3,1.0,1,2,1,4,4,3,2,4,4,1,2,2,3,4,3,3,2,6,2,4,3,4,5,3,3,3,3,0
95,0,MG2512,0,29,0,1,0,0,0,2,4,4,4.0,1,2,2.0,2,2,5,3,5,3.6,2,7,2,4,5,2,3,4.0,5.0,5,5.0,1,5.0,3.0,7.0,6,5.0,6,2.0,7,3,5.0,5.0,4.0,5,6,5,4,3,6,5,3,3,3,3,1,1,3,1,3,3,3,5,4,4,2,3,5,5,5,5,3,3,4,1,1,20.0,1.1,4,2,4,3,1,1,4.0,3.0,2.0,5.0,3.0,5.0,6.0,5.0,6.0,5.0,6.0,5.0,6.0,5.0,3,4.0,3,2,4,3,4,5,4,4,4,4,6,6,6,5,6,6,5,3,3,4,6,4,2,2,3,3,3,1
96,0,MI1312,2,24,0,0,1,0,0,1,3,3,3.0,1,3,2.0,2,0,4,3,25,5.1,2,5,2,3,2,1,1,2.0,4.0,3,2.0,6,3.0,3.0,5.0,3,2.0,5,4.0,5,3,5.0,4.0,3.0,5,5,5,4,4,5,4,4,4,3,3,1,0,1,1,3,3,3,2,3,5,4,5,5,2,3,3,2,3,4,3,1,5.0,2.2,2,2,2,5,6,3,5.0,4.0,6.0,2.0,4.0,2.0,3.0,1.0,4.0,4.0,3.0,4.0,4.0,3.0,3,3.0,5,5,4,4,5,4,3,3,3,2,1,2,3,2,3,2,4,4,4,5,5,6,6,4,5,3,3,0
97,0,MI1705,2,28,1,0,1,0,0,1,3,3,3.0,1,3,1.0,1,1,5,2,2,1.9,1,5,1,4,3,3,3,4.0,2.0,3,2.0,5,4.0,4.0,3.0,3,4.0,4,4.0,2,3,4.0,2.0,6.0,4,4,5,4,4,4,5,5,4,3,4,1,1,1,1,4,1,4,2,2,6,2,4,6,4,4,3,3,4,3,3,1,9.0,1.2,1,1,1,5,2,3,4.0,4.0,4.0,5.0,3.0,2.0,2.0,5.0,3.0,1.0,4.0,3.0,2.0,4.0,3,3.0,3,3,4,5,4,2,2,2,2,4,2,1,2,4,2,2,1,7,1,3,5,2,3,3,5,4,4,1
98,0,MI2208,2,24,0,1,0,0,0,2,3,1,4.0,4,2,3.0,4,2,4,0,4,3.1,4,3,3,2,4,2,4,4.0,2.0,4,2.0,4,3.0,3.0,4.0,3,4.0,5,6.0,2,1,4.0,3.0,5.0,4,3,5,4,4,3,4,4,3,3,4,1,2,4,5,5,4,6,3,5,2,6,5,5,3,2,2,2,3,2,2,1,1.0,1.7,1,1,2,2,3,1,2.0,2.0,2.0,3.0,4.0,4.0,4.0,4.0,4.0,3.0,4.0,2.0,2.0,2.0,3,3.0,4,4,4,4,4,1,1,1,3,3,5,6,5,3,5,5,4,4,7,3,3,4,3,3,4,3,2,0
99,0,MI2708,2,24,1,0,0,0,0,2,3,3,1.0,3,1,1.0,2,3,5,4,3,1.0,1,6,1,4,6,5,4,4.0,5.0,4,5.0,3,4.0,3.0,6.0,6,5.0,7,2.0,7,2,6.0,4.0,2.0,5,6,5,4,4,6,4,4,5,5,5,2,6,5,4,4,4,4,4,1,5,3,2,5,2,4,4,3,3,3,1,1,2.0,1.7,1,0,1,2,2,2,4.0,6.0,4.0,4.0,5.0,3.0,4.0,3.0,2.0,4.0,5.0,5.0,5.0,3.0,3,5.0,5,6,5,5,6,5,3,3,3,1,3,4,4,5,4,5,2,5,2,4,3,5,4,3,3,5,4,0
100,0,MK0108,1,30,0,0,1,0,0,2,3,3,4.0,3,3,2.0,2,0,5,4,11,2.9,2,2,2,2,5,3,3,4.0,3.0,4,3.0,7,2.0,4.0,4.0,2,3.0,4,4.0,4,2,3.0,4.0,4.0,4,4,5,5,6,6,5,5,4,4,4,1,0,1,4,3,3,2,4,4,4,4,1,7,3,3,2,4,4,4,3,1,26.0,1.6,2,4,2,3,1,2,4.0,3.0,4.0,4.0,4.0,4.0,2.0,4.0,6.0,4.0,4.0,2.0,3.0,4.0,3,2.0,2,1,4,6,6,1,2,1,2,3,2,4,5,3,4,2,4,2,6,5,4,4,1,2,2,5,4,0
101,0,MO0107,1,23,1,1,0,1,0,2,3,3,4.0,1,1,4.0,5,4,2,0,24,6.3,5,5,4,3,6,6,4,6.0,6.0,5,5.0,2,6.0,3.0,6.0,6,4.0,5,3.0,6,2,5.0,5.0,5.0,7,4,5,5,6,4,5,3,3,4,3,1,14,5,5,6,5,6,5,5,3,5,5,6,4,5,2,3,3,3,1,1,1.0,10.0,5,10,4,1,5,4,6.0,6.0,5.0,6.0,5.0,3.0,5.0,5.0,5.0,3.0,6.0,4.0,6.0,5.0,3,6.0,6,4,5,2,2,3,4,4,3,4,6,6,6,6,7,6,3,4,3,2,5,4,5,4,4,5,5,0
102,0,MQ0000,2,26,1,1,0,1,0,1,3,3,4.0,2,1,4.0,3,3,2,3,12,5.7,3,3,4,2,4,4,4,5.0,3.0,5,5.0,3,6.0,2.0,5.0,6,6.0,6,3.0,6,1,5.0,6.0,3.0,7,7,5,4,6,5,6,2,2,4,6,2,4,3,3,3,4,4,4,3,6,3,2,6,4,3,2,3,4,3,1,1,2.0,1.2,2,3,2,3,1,4,4.0,6.0,3.0,4.0,3.0,1.0,1.0,3.0,1.0,1.0,5.0,3.0,5.0,4.0,3,3.0,4,3,3,4,5,4,3,2,3,0,3,4,4,3,3,3,3,4,3,5,5,4,2,3,3,5,4,1
103,0,MY1411,0,24,1,0,0,0,0,2,2,2,2.0,3,1,4.0,4,2,5,1,39,8.3,3,10,4,4,3,1,3,2.0,2.0,4,2.0,3,3.0,5.0,,4,3.0,2,5.0,5,4,3.0,3.0,4.0,4,5,5,5,6,5,5,5,1,3,5,1,3,1,1,4,4,3,4,3,5,2,4,3,3,3,2,4,3,3,1,0,7.0,2.5,3,4,3,1,2,1,5.0,5.0,2.0,4.0,4.0,5.0,5.0,6.0,6.0,6.0,4.0,2.0,3.0,3.0,3,2.0,2,2,2,4,4,4,5,4,6,5,1,1,2,3,3,2,5,3,4,3,3,2,3,2,1,2,2,0
104,0,NA1308,2,25,1,0,0,0,0,2,3,3,,1,5,2.0,2,1,3,2,5,6.2,1,2,2,3,5,3,3,4.0,4.0,6,5.0,3,4.0,3.0,4.0,3,5.0,4,4.0,6,3,5.0,5.0,5.0,6,3,2,4,6,5,4,5,5,5,6,1,2,2,0,3,2,3,4,4,4,6,5,6,5,3,3,3,3,3,1,1,32.0,10.8,3,7,4,1,3,2,6.0,6.0,5.0,7.0,7.0,7.0,7.0,5.0,5.0,7.0,4.0,4.0,4.0,,3,5.0,7,3,4,3,3,4,6,4,5,11,5,6,4,6,5,4,6,2,4,4,3,4,5,2,3,4,3,0
105,0,NA1903,2,26,0,1,0,0,0,1,4,3,3.0,2,2,1.0,1,2,4,3,13,2.9,1,5,1,4,3,5,3,1.0,3.0,4,5.0,2,5.0,4.0,3.0,2,5.0,4,3.0,2,6,4.0,4.0,7.0,2,3,5,6,6,5,5,2,2,4,2,1,3,3,4,4,5,5,4,4,4,4,5,5,4,2,3,2,3,2,2,1,16.0,8.3,2,6,3,2,6,3,6.0,6.0,7.0,4.0,5.0,3.0,1.0,,1.0,2.0,4.0,4.0,2.0,2.0,3,3.0,4,3,2,5,4,3,3,4,4,2,3,4,4,5,5,4,4,5,4,2,5,3,4,3,3,2,2,1
106,0,NA2611,1,27,1,0,0,1,0,2,3,3,2.0,2,1,,4,4,3,4,10,6.4,4,10,4,2,4,4,3,5.0,5.0,5,6.0,3,4.0,3.0,4.0,4,4.0,6,4.0,4,1,5.0,4.0,4.0,6,5,5,6,6,7,6,3,3,5,2,1,1,2,4,4,4,4,5,4,4,3,5,3,5,4,3,1,3,1,1,1,27.0,22.2,3,2,4,2,5,3,,5.0,5.0,5.0,5.0,5.0,5.0,5.0,5.0,5.0,5.0,5.0,5.0,5.0,3,5.0,5,5,5,5,6,5,5,5,5,5,6,6,5,5,5,5,5,5,5,5,5,5,3,3,3,5,5,1
107,0,NAMNAM,2,25,1,1,1,0,0,2,1,3,2.0,1,2,4.0,4,2,5,4,5,10.3,3,14,3,2,5,3,3,4.0,5.0,4,3.0,3,4.0,2.0,4.0,7,6.0,6,3.0,6,2,5.0,7.0,2.0,5,5,5,2,2,2,2,5,5,6,5,1,2,3,3,4,4,4,4,6,5,5,5,2,5,4,3,3,3,2,1,1,3.0,5.4,3,0,2,2,1,1,4.0,6.0,6.0,4.0,4.0,1.0,2.0,3.0,3.0,2.0,6.0,5.0,6.0,3.0,3,5.0,4,5,5,5,4,4,3,1,2,5,4,3,4,3,5,3,4,5,4,3,4,2,3,4,2,3,4,0
108,0,NCT001,1,28,1,0,0,1,0,2,1,8,4.0,3,1,4.0,4,4,1,0,10,7.4,3,1,4,3,3,3,1,4.0,3.0,3,2.0,5,2.0,3.0,5.0,5,4.0,6,4.0,5,1,5.0,4.0,3.0,5,3,5,4,3,4,4,4,4,5,4,1,1,5,5,3,4,4,4,3,4,4,5,6,3,1,2,2,2,3,1,1,12.0,2.1,3,3,3,5,6,1,4.0,5.0,3.0,4.0,3.0,4.0,2.0,2.0,3.0,4.0,3.0,5.0,3.0,2.0,3,4.0,5,4,6,3,3,3,2,3,2,16,3,4,3,4,4,4,5,4,3,3,5,2,2,3,4,5,4,1
109,0,NE1101,2,25,1,1,0,1,0,1,2,3,3.0,3,1,3.0,4,1,5,4,2,11.4,3,9,3,5,4,3,5,3.0,3.0,5,4.0,3,4.0,3.0,4.0,5,5.0,4,2.0,4,4,4.0,5.0,1.0,4,5,5,5,5,6,5,5,6,4,4,1,5,1,2,1,3,2,5,5,5,3,2,5,3,4,4,3,4,4,1,1,19.0,2.4,5,0,3,4,5,3,6.0,4.0,5.0,5.0,3.0,5.0,3.0,3.0,6.0,4.0,7.0,6.0,6.0,4.0,3,3.0,2,2,3,3,4,5,4,5,2,7,6,6,3,4,5,5,5,3,5,2,5,3,5,4,5,3,3,0
110,0,NE2901,2,30,0,1,0,1,0,2,3,3,4.0,1,2,3.0,3,1,3,5,28,4.6,2,2,3,1,3,3,4,4.0,3.0,5,3.0,3,5.0,3.0,3.0,6,4.0,4,5.0,2,3,5.0,4.0,4.0,3,5,5,4,3,5,4,6,4,5,3,1,1,3,5,4,4,5,2,4,4,4,2,6,2,4,5,4,2,3,1,1,13.0,2.4,2,4,2,2,3,3,5.0,5.0,4.0,4.0,3.0,2.0,3.0,4.0,4.0,2.0,5.0,5.0,5.0,3.0,1,4.0,6,5,3,3,4,3,3,2,2,3,4,5,4,4,5,4,4,5,4,2,6,4,3,3,4,2,2,1
111,0,NH0706,2,28,0,0,0,1,0,2,3,3,3.0,2,4,4.0,5,2,4,3,7,3.7,4,3,4,2,2,4,3,3.0,2.0,3,3.0,5,3.0,7.0,3.0,5,5.0,2,4.0,4,4,2.0,4.0,5.0,2,3,5,3,4,4,3,5,5,5,2,1,1,3,1,5,4,3,3,5,5,3,5,5,2,2,2,4,4,3,4,1,4.0,3.4,4,10,4,3,2,4,6.0,7.0,7.0,6.0,6.0,4.0,4.0,4.0,5.0,7.0,5.0,6.0,4.0,4.0,3,3.0,3,5,6,5,4,5,5,3,5,8,6,6,6,6,6,6,2,3,3,4,5,3,4,5,3,3,2,1
112,0,nhan77,1,26,0,1,0,0,0,1,3,3,99.0,1,2,3.0,3,2,5,2,3,8.5,4,15,3,4,5,5,5,5.0,5.0,5,5.0,5,5.0,5.0,5.0,5,5.0,5,5.0,5,5,5.0,5.0,5.0,5,5,5,5,5,5,5,5,5,5,5,1,1,2,1,5,5,5,3,5,5,5,5,5,5,3,4,3,4,2,2,1,10.0,1.5,2,2,3,3,1,3,4.0,4.0,4.0,4.0,3.0,2.0,4.0,1.0,4.0,2.0,5.0,3.0,4.0,3.0,7,,4,5,4,4,5,2,2,2,2,0,2,2,2,4,4,4,1,5,1,4,4,3,2,4,4,2,5,0
113,0,NN2004,2,26,0,1,1,0,0,1,3,3,2.0,1,2,4.0,3,3,2,3,27,4.4,3,2,3,4,4,2,3,2.0,4.0,5,3.0,5,3.0,4.0,5.0,5,5.0,3,3.0,5,1,5.0,4.0,4.0,6,5,5,6,6,5,5,5,7,4,6,1,1,3,2,5,3,4,3,4,5,3,3,5,4,5,5,4,5,3,2,1,22.0,5.8,3,6,4,5,6,2,4.0,4.0,4.0,5.0,2.0,4.0,4.0,5.0,6.0,2.0,4.0,4.0,4.0,2.0,3,4.0,3,4,5,5,5,4,3,2,3,8,5,5,4,5,4,5,3,5,3,1,7,2,4,5,4,5,4,0
114,0,NO0312,2,24,0,1,1,0,0,1,2,3,1.0,1,2,2.0,1,2,2,2,14,8.7,2,3,3,5,6,6,5,4.0,4.0,4,4.0,5,5.0,1.0,7.0,4,5.0,4,3.0,5,1,5.0,5.0,4.0,6,6,5,4,4,4,4,7,4,5,6,1,0,2,2,4,3,5,4,1,5,1,4,4,4,2,2,3,2,2,2,0,16.0,13.5,5,2,5,4,2,1,5.0,5.0,5.0,5.0,5.0,5.0,5.0,5.0,5.0,5.0,5.0,5.0,5.0,5.0,3,5.0,5,5,5,3,3,5,5,5,5,0,3,4,5,5,5,4,5,5,5,5,5,5,5,4,4,3,2,1
115,0,NO0708,2,32,0,1,0,0,0,2,2,3,2.0,1,2,,4,4,5,5,15,6.2,5,13,5,2,4,4,3,3.0,3.0,5,5.0,4,5.0,1.0,5.0,5,5.0,6,3.0,7,2,5.0,6.0,5.0,5,6,5,6,4,4,5,4,5,5,4,1,4,5,5,5,5,6,5,3,5,2,4,3,3,2,3,4,2,3,2,1,1.0,6.0,5,15,3,3,3,4,5.0,6.0,5.0,5.0,6.0,3.0,4.0,3.0,3.0,3.0,3.0,3.0,3.0,,3,3.0,5,5,3,5,5,4,5,3,4,7,6,5,5,5,6,5,2,6,2,3,6,4,2,2,3,3,3,1
116,0,note01,1,32,1,1,0,1,0,2,3,5,1.0,3,2,2.0,2,0,5,2,17,5.8,2,2,3,2,4,4,5,4.0,5.0,5,3.0,2,4.0,4.0,5.0,5,4.0,2,3.0,3,2,4.0,6.0,4.0,4,4,5,5,4,5,4,4,3,2,2,1,0,0,0,3,1,3,5,3,5,3,5,4,3,3,4,2,3,4,2,0,34.0,6.3,4,2,3,4,1,2,5.0,5.0,5.0,5.0,5.0,5.0,5.0,5.0,5.0,5.0,5.0,5.0,5.0,5.0,3,5.0,5,5,5,2,1,5,5,5,5,2,1,1,5,5,5,2,5,5,5,5,5,5,2,3,3,4,4,0
117,0,NR1201,2,26,1,0,0,0,0,2,3,3,5.0,1,1,2.0,2,1,5,2,4,2.2,2,1,2,4,3,2,5,3.0,4.0,4,4.0,5,3.0,6.0,4.0,2,2.0,4,3.0,3,2,5.0,3.0,4.0,4,3,5,6,5,5,5,3,5,3,5,1,4,2,1,1,2,6,2,4,6,4,4,6,2,3,3,3,4,3,1,1,31.0,4.9,2,4,2,2,1,3,7.0,6.0,4.0,5.0,5.0,5.0,3.0,2.0,4.0,3.0,5.0,4.0,3.0,4.0,3,4.0,3,3,5,5,4,2,5,2,4,8,3,3,4,3,4,4,4,5,3,4,4,7,5,2,1,2,3,0
118,0,NS1904,2,24,0,0,1,1,0,1,3,1,2.0,1,4,2.0,1,1,5,3,16,4.3,1,5,2,4,2,4,2,2.0,4.0,5,6.0,4,3.0,5.0,5.0,4,5.0,5,3.0,5,4,5.0,7.0,5.0,3,4,5,4,5,5,5,6,5,5,5,1,3,2,1,3,5,3,5,5,5,3,2,5,2,2,3,5,3,4,4,1,6.0,4.6,2,5,2,3,4,4,5.0,5.0,4.0,5.0,5.0,5.0,6.0,6.0,4.0,5.0,3.0,3.0,5.0,4.0,3,5.0,3,4,5,3,3,4,6,3,3,2,1,1,2,2,2,1,5,5,2,3,7,4,3,3,3,2,3,0
119,0,NU0410,1,29,0,0,1,0,0,2,3,8,2.0,3,3,3.0,4,1,3,5,17,4.7,2,1,3,3,4,3,3,4.0,1.0,4,4.0,5,4.0,3.0,5.0,5,4.0,6,4.0,5,3,3.0,6.0,6.0,4,5,5,5,4,4,5,3,3,2,3,1,9,3,4,4,5,4,3,6,2,5,4,4,4,2,2,3,2,3,3,1,25.0,6.2,2,2,4,3,5,3,3.0,5.0,3.0,4.0,4.0,3.0,4.0,5.0,4.0,2.0,4.0,5.0,4.0,4.0,3,2.0,4,4,3,4,6,3,2,2,5,1,5,6,4,5,6,5,4,3,4,5,3,3,5,4,4,3,3,0
120,0,NW0402,2,27,0,0,1,0,0,3,3,2,1.0,2,3,3.0,3,1,5,4,10,6.6,4,11,3,3,4,3,5,2.0,4.0,4,4.0,3,3.0,3.0,5.0,5,5.0,6,3.0,6,3,7.0,6.0,5.0,6,6,5,5,4,6,6,3,6,4,5,1,3,4,1,4,3,3,4,3,4,4,3,3,3,3,3,3,4,3,3,1,0.0,3.9,2,0,3,2,1,4,3.0,6.0,6.0,4.0,5.0,5.0,5.0,5.0,4.0,5.0,6.0,4.0,5.0,5.0,3,2.0,4,3,4,5,5,4,4,4,4,2,2,2,4,2,5,3,4,5,4,4,5,4,2,6,3,5,5,0
121,0,NX1803,1,28,1,0,0,0,0,2,3,3,2.0,1,1,4.0,3,4,2,0,15,6.5,3,7,3,2,3,2,4,3.0,3.0,4,3.0,4,4.0,5.0,2.0,4,3.0,2,5.0,3,2,5.0,3.0,4.0,4,2,5,6,5,4,5,5,3,3,3,1,5,3,5,3,6,6,3,4,2,5,4,4,3,3,4,3,4,1,1,1,28.0,1.9,3,5,4,3,3,1,5.0,5.0,6.0,6.0,4.0,5.0,5.0,5.0,4.0,5.0,6.0,4.0,5.0,2.0,3,3.0,2,4,1,4,4,3,4,3,3,9,6,6,5,4,6,6,4,4,3,5,2,4,6,5,4,4,4,1
122,0,OF1811,0,30,0,1,0,0,0,2,3,1,1.0,2,2,3.0,2,4,2,0,3,9.2,2,0,3,2,5,4,5,3.0,5.0,5,6.0,4,4.0,2.0,4.0,7,3.0,5,3.0,6,2,5.0,7.0,4.0,5,3,5,5,4,5,5,3,4,5,3,1,15,5,5,5,5,7,6,5,5,3,4,4,3,3,4,3,2,4,2,1,11.0,2.2,3,0,3,2,1,3,6.0,5.0,6.0,6.0,5.0,2.0,2.0,2.0,3.0,2.0,3.0,2.0,3.0,3.0,3,5.0,4,6,6,5,4,3,4,4,4,14,5,4,6,3,6,5,4,5,3,5,2,5,4,4,4,3,3,0
123,0,okie01,1,26,1,0,0,1,0,2,3,3,3.0,2,1,4.0,3,2,5,5,15,5.9,4,0,3,5,4,4,3,4.0,3.0,4,4.0,5,3.0,1.0,7.0,7,6.0,6,2.0,6,1,7.0,5.0,2.0,6,7,5,4,5,4,4,4,4,4,3,1,5,4,3,4,5,4,4,6,2,5,4,3,4,3,3,4,4,2,1,1,17.0,2.4,3,0,2,2,1,1,5.0,4.0,3.0,4.0,4.0,3.0,4.0,5.0,4.0,4.0,6.0,6.0,6.0,6.0,3,7.0,6,5,5,5,4,4,5,4,3,5,4,6,4,5,4,4,5,4,6,2,6,3,2,3,1,3,3,1
124,0,OW0106,2,26,1,1,0,0,0,3,3,3,,1,2,3.0,4,2,4,4,4,4.6,3,2,3,3,6,4,5,4.0,4.0,5,5.0,4,3.0,4.0,5.0,7,3.0,4,3.0,5,3,6.0,6.0,4.0,6,7,5,7,7,5,6,2,3,2,2,1,1,1,1,4,5,3,5,5,2,5,3,3,5,2,2,3,2,3,2,1,4.0,4.5,3,2,3,3,2,3,5.0,4.0,4.0,5.0,4.0,3.0,6.0,4.0,5.0,3.0,2.0,3.0,4.0,,3,4.0,3,2,4,5,5,2,3,3,1,3,3,4,4,4,4,4,6,4,5,4,3,3,3,3,3,4,3,0
125,0,PA2305,2,30,1,0,0,1,0,1,3,3,2.0,1,1,,5,4,4,5,16,19.3,4,14,5,3,6,7,5,5.0,5.0,4,4.0,3,6.0,2.0,7.0,7,5.0,6,2.0,5,2,6.0,7.0,2.0,5,6,5,4,5,6,5,3,3,3,4,1,1,5,5,4,4,4,5,5,2,6,5,1,4,3,4,3,3,2,1,1,9.0,10.3,2,12,3,4,3,3,4.0,5.0,3.0,2.0,3.0,4.0,4.0,2.0,5.0,3.0,4.0,4.0,4.0,5.0,3,5.0,4,4,5,2,2,3,3,4,3,2,4,3,4,5,4,4,5,4,5,3,4,3,2,4,4,3,3,0
126,0,PE0404,2,26,1,0,1,1,0,2,3,3,2.0,3,3,2.0,1,0,5,1,10,2.5,1,3,2,2,1,1,1,1.0,2.0,2,3.0,4,3.0,5.0,7.0,4,3.0,5,5.0,3,3,3.0,4.0,4.0,2,3,5,3,3,4,4,2,3,4,4,1,1,1,1,2,1,2,1,3,5,5,4,4,2,4,5,1,2,1,3,0,5.0,3.0,1,1,1,5,2,3,4.0,4.0,4.0,3.0,3.0,5.0,6.0,7.0,5.0,3.0,4.0,3.0,2.0,3.0,3,5.0,5,4,6,4,3,2,2,3,3,0,1,1,2,1,3,1,3,5,4,3,4,4,2,1,1,5,5,1
127,0,PH0609,1,25,1,0,0,0,0,2,4,3,1.0,2,1,1.0,1,1,5,3,1,1.3,1,0,1,5,3,3,3,4.0,4.0,5,5.0,4,6.0,6.0,3.0,4,3.0,2,6.0,6,5,4.0,4.0,7.0,3,4,5,4,5,5,5,2,4,3,3,1,1,1,2,1,3,4,4,4,4,2,6,4,5,4,3,5,5,4,1,1,9.0,5.7,1,4,3,3,1,3,5.0,5.0,5.0,5.0,5.0,6.0,6.0,5.0,6.0,5.0,2.0,3.0,3.0,2.0,3,3.0,4,3,3,6,7,5,4,3,3,2,5,4,4,6,5,6,3,2,4,4,2,5,6,5,3,2,4,1
128,0,PI1108,2,29,0,1,0,1,0,2,3,3,2.0,2,2,4.0,4,3,3,4,11,11.9,4,5,4,2,4,2,3,3.0,3.0,3,3.0,4,3.0,3.0,6.0,6,4.0,4,1.0,6,2,3.0,5.0,3.0,4,7,5,5,3,4,3,3,2,3,3,1,1,2,3,2,3,4,2,5,2,6,3,5,3,4,4,3,2,1,1,1,27.0,3.3,3,2,4,1,5,1,3.0,4.0,3.0,6.0,4.0,5.0,5.0,5.0,4.0,6.0,6.0,5.0,2.0,5.0,3,4.0,4,3,6,4,4,4,5,4,5,0,2,3,2,2,4,4,4,4,1,3,6,3,2,3,3,3,3,0
129,0,PI2010,2,29,1,0,1,0,0,1,3,3,3.0,2,3,3.0,2,2,2,3,3,4.7,3,2,2,2,5,3,2,2.0,3.0,4,4.0,4,2.0,6.0,3.0,3,2.0,4,7.0,4,2,3.0,3.0,6.0,3,3,5,4,3,3,4,6,4,4,4,1,2,2,4,4,3,3,2,3,3,4,3,6,4,4,4,3,4,3,3,1,16.0,13.4,2,6,4,2,2,4,7.0,6.0,6.0,7.0,6.0,7.0,6.0,7.0,6.0,6.0,5.0,3.0,5.0,3.0,3,7.0,4,4,5,5,5,6,5,6,5,6,6,6,3,6,6,5,3,6,2,5,4,3,1,2,2,3,3,0
130,0,PL2412,2,28,1,0,0,0,0,2,3,3,2.0,2,1,,4,3,2,3,10,7.4,5,2,5,2,3,3,3,4.0,3.0,3,2.0,4,2.0,2.0,4.0,6,5.0,5,2.0,6,1,6.0,6.0,3.0,5,5,5,6,3,4,4,5,5,5,5,1,0,3,2,3,5,3,4,4,6,4,3,6,2,4,2,3,3,2,1,1,16.0,4.5,3,3,4,5,3,3,,5.0,4.0,5.0,6.0,3.0,3.0,3.0,4.0,4.0,4.0,3.0,5.0,2.0,3,3.0,3,5,5,7,6,4,6,2,3,12,3,4,4,3,4,3,4,2,3,4,4,6,2,2,3,3,2,1
131,0,plan02,1,24,0,1,0,0,0,2,3,3,3.0,1,2,2.0,1,1,2,2,4,1.3,2,3,2,3,3,3,2,3.0,3.0,4,5.0,5,2.0,4.0,4.0,5,4.0,4,3.0,3,5,3.0,3.0,6.0,4,4,5,4,3,3,3,2,2,1,3,1,2,1,0,3,2,4,3,3,4,3,3,5,5,3,2,3,2,2,2,1,1.0,3.1,2,3,1,2,3,3,6.0,4.0,3.0,4.0,3.0,3.0,3.0,4.0,1.0,,4.0,3.0,3.0,2.0,3,4.0,5,3,3,5,5,1,1,1,1,1,3,5,3,4,3,4,4,5,2,4,3,4,1,3,2,5,4,1
132,0,PP2809,0,27,1,0,1,0,0,1,1,3,3.0,1,3,,5,3,5,2,17,8.5,5,4,5,3,4,5,3,5.0,4.0,5,5.0,3,5.0,4.0,6.0,4,3.0,5,3.0,5,2,7.0,5.0,5.0,5,4,5,6,6,5,7,1,1,3,5,1,5,1,1,2,2,4,4,4,5,4,4,5,2,3,3,3,2,3,3,1,20.0,2.7,4,4,4,3,3,3,5.0,4.0,5.0,5.0,4.0,3.0,5.0,2.0,5.0,4.0,5.0,5.0,5.0,4.0,3,3.0,4,2,2,4,4,5,5,4,5,2,3,4,3,4,3,4,5,5,4,4,4,4,3,3,3,2,2,0
133,0,PQ0501,1,28,0,1,0,0,0,2,2,3,4.0,1,2,4.0,4,3,5,4,25,4.2,4,6,4,3,5,5,5,5.0,5.0,5,5.0,5,5.0,5.0,5.0,5,5.0,5,5.0,5,5,5.0,5.0,5.0,5,5,5,5,5,5,5,5,5,5,5,2,0,2,3,5,5,5,2,5,5,5,5,5,5,4,3,3,2,1,2,0,25.0,18.4,5,19,5,5,1,1,3.0,4.0,3.0,4.0,3.0,5.0,5.0,5.0,5.0,4.0,4.0,4.0,5.0,5.0,3,3.0,5,3,4,4,5,2,2,2,3,13,3,5,5,4,4,4,5,5,4,4,2,5,4,6,4,3,3,0
134,0,PQ2201,0,26,1,1,1,0,0,1,3,1,2.0,1,2,4.0,4,3,3,5,4,5.2,5,4,4,5,4,4,2,4.0,3.0,3,4.0,5,2.0,4.0,4.0,4,3.0,3,4.0,5,3,7.0,5.0,5.0,4,4,5,5,4,6,4,3,3,4,3,1,1,3,2,1,4,4,4,6,4,3,5,4,4,3,2,4,3,4,2,1,5.0,1.8,3,2,2,3,4,4,3.0,7.0,5.0,5.0,6.0,3.0,4.0,4.0,4.0,3.0,4.0,4.0,6.0,5.0,3,4.0,5,4,5,6,7,3,4,4,6,2,3,3,4,4,7,5,3,4,5,2,7,2,3,2,4,4,3,0
135,0,QA1910,1,26,0,1,0,0,0,2,4,3,3.0,3,2,3.0,2,1,5,3,17,2.4,3,8,3,5,3,2,2,4.0,3.0,3,4.0,4,4.0,5.0,2.0,3,1.0,2,4.0,4,3,5.0,6.0,3.0,4,4,5,5,6,5,4,6,5,5,5,1,0,1,2,5,2,4,4,3,3,4,2,4,5,1,2,3,4,3,2,1,18.0,2.1,2,5,2,5,1,3,2.0,3.0,1.0,2.0,3.0,4.0,3.0,4.0,2.0,3.0,3.0,2.0,2.0,2.0,3,3.0,3,4,5,5,5,4,1,3,3,2,2,1,3,1,1,1,3,5,4,6,2,6,6,3,5,3,2,0
136,0,QB2209,2,27,0,0,1,1,0,1,1,4,1.0,4,3,,5,4,3,3,11,3.3,5,6,5,4,4,4,4,4.0,4.0,4,4.0,4,4.0,4.0,4.0,4,4.0,4,4.0,4,4,4.0,4.0,4.0,4,4,5,4,4,4,4,4,4,4,4,1,1,1,0,4,4,4,3,4,4,4,4,4,4,3,3,4,5,4,3,1,13.0,3.2,2,9,3,2,1,3,5.0,4.0,6.0,4.0,3.0,4.0,3.0,6.0,6.0,4.0,6.0,3.0,5.0,4.0,3,2.0,4,2,5,5,5,4,5,4,4,4,4,3,4,3,3,4,3,6,3,3,3,4,4,3,2,3,4,0
137,0,QD0301,2,29,1,1,1,0,0,2,4,3,1.0,3,3,,5,1,3,3,17,13.8,5,14,5,3,4,6,3,4.0,3.0,5,5.0,3,3.0,1.0,6.0,7,7.0,7,4.0,7,2,5.0,7.0,3.0,7,6,5,4,4,4,3,4,4,5,5,1,2,2,2,4,5,6,4,3,5,3,2,3,4,2,2,3,3,5,3,1,15.0,9.5,4,1,4,5,3,2,5.0,4.0,4.0,4.0,3.0,2.0,2.0,3.0,2.0,2.0,5.0,6.0,5.0,5.0,3,6.0,4,4,4,5,5,3,2,3,4,3,3,3,5,5,4,4,3,4,4,4,3,6,6,5,3,3,3,1
138,0,QQ2801,2,29,1,0,0,0,0,2,3,2,3.0,3,1,,4,3,2,5,15,13.6,4,5,5,2,2,3,2,3.0,2.0,3,4.0,6,3.0,2.0,5.0,5,5.0,6,3.0,5,2,7.0,6.0,3.0,5,6,5,6,5,5,5,6,4,5,5,1,2,2,3,3,4,3,3,4,2,5,4,4,3,2,3,2,2,3,1,1,50.0,15.8,5,13,5,4,1,1,5.0,6.0,5.0,5.0,5.0,5.0,5.0,6.0,6.0,6.0,6.0,6.0,3.0,5.0,3,6.0,5,4,5,5,4,3,5,4,4,31,6,6,4,6,5,6,5,2,6,4,4,5,7,4,3,2,3,1
139,0,QS1211,0,24,1,1,0,1,0,2,3,3,2.0,2,1,3.0,2,4,3,0,2,4.7,3,10,3,2,4,3,4,2.0,3.0,5,5.0,3,3.0,3.0,2.0,5,5.0,4,5.0,5,2,5.0,4.0,4.0,4,4,5,3,4,4,4,4,4,4,6,2,6,5,5,5,6,5,4,5,4,6,2,5,3,3,3,3,5,3,1,1,0.0,8.9,3,0,2,5,3,4,4.0,4.0,3.0,4.0,2.0,5.0,5.0,7.0,4.0,7.0,4.0,3.0,4.0,3.0,3,3.0,3,2,4,4,4,4,2,3,2,9,2,3,3,4,4,5,3,4,3,2,5,4,5,4,4,3,3,1
140,0,QU0810,2,27,1,0,0,0,0,2,3,3,2.0,3,1,,5,1,3,3,31,26.6,5,16,5,4,3,4,2,2.0,2.0,4,2.0,3,4.0,4.0,3.0,1,4.0,4,4.0,5,5,2.0,4.0,5.0,3,4,5,5,5,5,4,6,4,6,6,1,0,2,1,5,3,5,2,4,4,4,3,5,3,3,3,3,4,2,1,1,23.0,4.6,4,0,4,4,3,3,7.0,5.0,5.0,4.0,5.0,3.0,5.0,5.0,4.0,4.0,5.0,5.0,4.0,6.0,2,5.0,5,5,3,2,3,4,4,5,6,0,5,6,5,6,3,5,4,3,6,5,3,3,4,4,2,4,3,0
141,0,RA1912,2,26,1,1,1,0,0,2,3,3,1.0,2,1,3.0,2,3,3,3,7,6.4,3,4,3,4,3,3,3,2.0,2.0,4,3.0,5,2.0,3.0,4.0,6,5.0,7,4.0,7,2,5.0,7.0,4.0,5,6,5,6,6,6,6,5,5,4,3,1,2,3,4,5,5,4,3,2,7,1,2,7,2,3,3,1,2,1,2,1,6.0,2.0,2,0,3,2,3,1,5.0,5.0,4.0,,4.0,1.0,1.0,2.0,2.0,1.0,4.0,6.0,5.0,,3,5.0,5,6,6,5,4,3,5,2,3,0,2,2,2,4,3,3,3,4,4,4,4,3,3,3,3,4,3,0
142,0,RA2502,2,23,1,1,1,0,0,1,3,3,6.0,3,1,2.0,2,2,5,4,6,1.9,2,8,2,2,4,3,4,3.0,3.0,3,5.0,6,4.0,3.0,4.0,5,5.0,3,4.0,5,3,4.0,4.0,5.0,4,4,5,5,5,4,4,4,4,4,6,2,2,2,3,3,5,5,4,4,2,4,3,6,3,4,3,4,3,4,1,1,9.0,1.5,1,0,1,2,3,4,3.0,5.0,5.0,4.0,3.0,2.0,2.0,3.0,2.0,2.0,4.0,5.0,5.0,4.0,3,5.0,5,4,4,5,4,2,3,3,4,5,3,5,3,3,4,4,3,7,2,4,2,4,4,4,4,3,3,1
143,0,RA2510,2,27,0,1,1,0,0,1,3,3,4.0,1,3,2.0,2,1,3,2,4,2.8,2,1,2,2,5,1,5,4.0,3.0,4,3.0,4,4.0,4.0,3.0,4,6.0,4,7.0,4,3,3.0,3.0,5.0,4,5,5,4,4,6,3,5,4,4,3,1,1,1,1,2,3,3,5,3,5,3,4,4,4,3,4,4,4,2,3,1,20.0,3.0,2,3,3,4,3,1,5.0,5.0,5.0,5.0,5.0,5.0,5.0,5.0,5.0,5.0,5.0,5.0,5.0,5.0,3,5.0,5,5,5,6,5,5,5,5,5,2,3,1,5,5,5,2,5,5,5,5,5,5,5,3,3,5,4,0
144,0,RE0211,2,26,1,0,0,0,0,1,3,3,1.0,2,1,,5,3,4,2,25,15.3,5,2,5,4,4,4,4,4.0,4.0,4,4.0,4,4.0,4.0,3.0,4,4.0,4,4.0,4,4,4.0,4.0,4.0,4,4,5,4,4,4,4,4,4,4,4,1,4,2,2,4,4,4,2,4,4,4,4,4,4,3,4,2,1,2,1,1,3.0,0.6,1,4,2,5,6,2,5.0,6.0,4.0,4.0,5.0,4.0,5.0,3.0,4.0,4.0,4.0,3.0,2.0,3.0,3,2.0,4,5,5,5,5,3,4,2,3,2,2,2,2,3,5,3,2,7,3,2,6,2,2,2,5,3,3,0
145,0,RE2701,2,25,1,0,0,0,0,1,4,3,2.0,1,1,3.0,2,4,3,0,3,4.8,2,13,3,4,5,3,3,4.0,4.0,5,4.0,4,5.0,3.0,4.0,4,3.0,4,3.0,4,3,4.0,5.0,5.0,5,4,5,5,5,5,5,2,4,2,4,1,0,4,5,6,6,7,3,4,3,4,3,5,4,3,4,3,2,1,1,0,5.0,1.8,2,4,1,2,5,1,3.0,4.0,3.0,4.0,4.0,4.0,4.0,2.0,2.0,3.0,4.0,5.0,3.0,3.0,3,4.0,4,4,2,3,3,3,1,3,3,0,4,4,4,3,4,5,4,3,3,5,3,5,2,1,3,3,3,1
146,0,RE2811,2,30,0,1,0,0,0,1,3,3,2.0,4,2,3.0,3,3,3,4,12,5.4,4,8,4,3,5,5,4,5.0,4.0,7,6.0,2,5.0,4.0,5.0,6,5.0,4,4.0,5,4,5.0,2.0,4.0,7,4,5,5,5,4,4,5,5,4,6,1,3,1,3,6,3,5,5,3,4,4,3,3,4,3,3,2,3,2,2,1,93.0,4.3,5,6,4,3,3,1,,2.0,4.0,1.0,2.0,2.0,6.0,3.0,5.0,4.0,6.0,7.0,6.0,6.0,3,2.0,3,3,3,4,5,3,5,2,2,3,4,2,4,2,5,3,4,6,4,1,7,1,1,3,2,2,3,1
147,0,RI2511,2,24,1,0,0,1,0,2,1,3,2.0,1,1,3.0,1,2,3,2,2,5.5,2,0,2,4,2,2,3,4.0,2.0,4,5.0,4,2.0,4.0,5.0,5,3.0,6,3.0,4,3,6.0,5.0,4.0,3,6,5,5,5,5,5,4,3,2,4,2,2,3,3,3,3,4,2,3,5,3,5,2,5,3,3,2,1,1,1,0,7.0,1.9,2,1,1,2,1,1,2.0,2.0,2.0,2.0,2.0,4.0,5.0,5.0,4.0,3.0,2.0,4.0,3.0,2.0,3,2.0,2,3,3,6,6,2,1,2,1,1,2,1,3,3,3,1,3,3,5,5,2,5,2,5,2,3,4,0
148,0,RI2812,2,26,0,1,0,0,0,1,3,2,6.0,1,2,3.0,2,2,2,4,13,7.2,4,1,3,3,4,4,3,6.0,5.0,4,,4,6.0,2.0,4.0,6,6.0,6,4.0,7,3,5.0,7.0,5.0,6,6,5,4,5,5,4,4,4,5,4,1,4,3,2,5,5,5,5,4,6,4,3,3,5,4,4,2,1,1,2,1,2.0,14.4,4,13,4,4,5,4,3.0,3.0,5.0,3.0,5.0,4.0,4.0,4.0,4.0,4.0,5.0,6.0,4.0,5.0,3,4.0,6,3,6,5,5,4,4,4,5,10,4,6,3,4,6,5,3,3,4,3,5,3,4,3,3,3,4,0
149,0,RM2308,1,32,0,1,0,0,0,2,2,4,1.0,2,2,1.0,1,1,2,2,1,4.1,1,1,1,2,5,3,5,5.0,4.0,4,2.0,4,5.0,2.0,5.0,6,4.0,4,3.0,5,2,4.0,5.0,6.0,6,3,5,4,5,3,3,4,4,5,5,5,0,1,0,4,3,2,4,4,3,5,4,5,4,3,3,2,1,1,2,1,1.0,2.2,2,2,1,3,2,3,6.0,6.0,6.0,4.0,4.0,3.0,4.0,4.0,4.0,4.0,4.0,3.0,5.0,3.0,3,4.0,4,1,4,5,5,4,4,3,4,2,4,4,3,3,5,3,5,3,5,5,3,4,4,4,4,3,3,1
150,0,RO0610,0,28,0,0,1,0,0,2,4,4,5.0,1,3,1.0,1,1,3,5,5,4.9,1,1,1,3,3,3,1,1.0,3.0,4,4.0,4,4.0,5.0,5.0,5,5.0,5,3.0,5,2,6.0,6.0,4.0,4,6,5,5,5,2,2,3,2,4,3,1,0,2,2,3,4,6,3,3,4,4,6,2,4,4,3,2,3,1,3,1,5.0,2.1,1,6,2,2,3,1,3.0,5.0,3.0,4.0,4.0,4.0,1.0,3.0,4.0,3.0,4.0,4.0,3.0,5.0,3,5.0,4,7,5,7,7,4,4,3,4,3,4,5,4,4,7,4,1,6,5,5,4,4,2,5,3,5,4,0
151,0,RU1602,2,28,0,1,1,0,0,2,3,3,2.0,4,2,2.0,3,1,2,5,1,1.8,3,6,2,5,3,4,4,2.0,3.0,2,5.0,5,4.0,3.0,5.0,7,4.0,4,3.0,6,3,4.0,7.0,4.0,4,5,5,4,4,5,4,3,4,3,4,1,1,2,3,4,3,4,4,4,4,3,3,6,3,3,5,4,2,2,2,1,10.0,4.6,1,2,2,4,2,1,4.0,4.0,5.0,6.0,4.0,4.0,3.0,4.0,5.0,4.0,3.0,2.0,2.0,3.0,3,4.0,6,4,6,7,7,4,5,4,3,0,2,3,3,1,3,3,4,5,4,3,4,5,3,1,2,4,3,1
152,0,RV1502,0,32,0,0,1,0,0,1,4,4,3.0,2,3,2.0,2,2,5,5,5,2.7,2,3,2,2,5,2,3,4.0,3.0,3,2.0,4,3.0,4.0,4.0,6,5.0,4,4.0,7,2,5.0,5.0,4.0,5,4,5,2,3,3,3,2,3,5,4,2,0,4,5,6,4,5,3,4,4,5,3,7,2,3,2,2,3,1,3,0,36.0,3.4,2,3,3,3,1,4,7.0,6.0,7.0,7.0,5.0,4.0,3.0,4.0,5.0,5.0,6.0,,7.0,5.0,3,5.0,5,4,4,4,4,5,4,4,5,19,6,6,7,7,7,7,3,6,3,3,4,3,3,1,4,4,3,0
153,0,RX1606,0,31,1,0,0,0,0,1,2,1,4.0,2,1,2.0,3,3,4,5,1,2.4,2,2,2,1,5,5,6,6.0,5.0,6,5.0,3,6.0,2.0,5.0,5,5.0,5,4.0,6,4,5.0,5.0,4.0,6,5,5,6,5,6,4,5,4,4,4,1,0,3,2,5,5,5,5,5,6,5,5,2,7,3,3,3,3,3,1,1,24.0,2.6,4,3,3,2,1,4,4.0,4.0,4.0,3.0,3.0,5.0,4.0,3.0,5.0,3.0,5.0,6.0,5.0,6.0,3,1.0,4,4,5,5,5,5,4,4,3,4,3,4,2,3,6,4,4,4,3,4,4,4,7,4,4,4,4,0
154,0,RY1710,2,28,0,0,0,1,0,1,2,3,4.0,3,4,4.0,4,2,5,5,13,13.5,3,1,4,4,3,3,2,3.0,2.0,4,4.0,5,4.0,5.0,3.0,3,4.0,5,6.0,3,5,3.0,4.0,6.0,2,1,5,5,5,4,5,4,3,2,5,1,3,2,3,3,4,5,2,5,5,4,2,3,3,2,3,2,3,4,4,1,3.0,3.0,2,0,2,1,2,4,4.0,4.0,2.0,2.0,3.0,,5.0,5.0,5.0,3.0,7.0,6.0,5.0,4.0,3,2.0,4,2,2,4,5,2,3,4,3,1,4,4,4,4,4,3,2,3,3,2,5,2,2,3,4,4,3,1
155,0,RZ0612,2,27,1,0,1,0,0,2,3,7,2.0,3,1,3.0,2,1,5,4,29,7.3,3,5,3,2,5,4,3,4.0,4.0,6,4.0,2,5.0,5.0,3.0,5,3.0,2,7.0,5,4,3.0,3.0,6.0,3,5,5,4,5,6,5,6,5,3,5,1,10,2,4,5,2,2,4,4,5,4,5,3,5,2,4,4,4,2,1,0,21.0,5.4,4,9,5,5,4,4,5.0,6.0,6.0,4.0,6.0,5.0,6.0,6.0,5.0,6.0,2.0,3.0,2.0,3.0,3,5.0,5,5,5,4,4,3,5,3,3,7,5,5,5,5,5,6,4,4,2,4,3,3,4,3,4,3,4,0
156,0,SA2111,2,30,0,1,0,0,0,1,3,3,3.0,2,2,2.0,1,3,4,4,10,4.8,1,0,2,1,3,5,2,5.0,4.0,5,5.0,3,5.0,3.0,6.0,6,5.0,5,3.0,3,1,7.0,6.0,5.0,4,6,5,5,5,4,6,3,5,4,5,1,1,3,3,3,3,3,5,2,6,2,5,4,5,4,3,3,3,4,4,1,1.0,15.0,4,6,3,3,4,2,6.0,4.0,6.0,4.0,4.0,3.0,6.0,3.0,3.0,3.0,6.0,5.0,3.0,5.0,3,4.0,4,3,4,5,7,3,4,3,4,4,4,5,5,3,5,4,4,2,4,4,5,4,3,3,2,3,3,1
157,0,SA2410,2,23,0,1,1,0,0,2,4,8,4.0,1,2,3.0,4,4,2,4,15,5.6,3,8,3,2,4,4,6,3.0,6.0,5,5.0,4,5.0,3.0,2.0,4,4.0,6,3.0,6,3,5.0,4.0,4.0,4,5,5,5,5,5,5,4,6,3,5,1,10,5,4,5,5,5,5,4,4,4,7,4,4,3,3,3,3,3,2,1,7.0,6.5,4,10,4,2,1,3,6.0,5.0,5.0,4.0,4.0,4.0,3.0,5.0,4.0,4.0,4.0,2.0,2.0,4.0,3,4.0,4,4,6,5,5,5,2,4,4,7,4,4,4,3,4,5,3,6,3,4,4,4,5,2,6,3,3,1
158,0,send99,1,27,1,0,0,0,0,1,4,5,1.0,2,1,1.0,1,0,3,1,9,1.2,1,2,1,3,4,3,4,3.0,5.0,4,4.0,3,4.0,3.0,4.0,4,7.0,6,2.0,5,4,5.0,5.0,6.0,5,6,5,3,2,2,2,2,3,4,2,1,1,0,0,1,1,1,3,4,6,4,3,4,4,3,2,4,5,3,1,1,1.0,0.9,1,0,1,3,1,2,3.0,2.0,4.0,3.0,3.0,1.0,4.0,4.0,3.0,3.0,3.0,3.0,2.0,4.0,3,4.0,4,4,3,5,5,1,3,3,3,2,2,1,3,3,2,3,5,4,4,4,5,4,2,1,1,5,5,0
159,0,SI1411,2,23,1,0,0,0,0,1,3,3,2.0,2,1,3.0,4,2,2,3,33,5.7,3,17,4,3,6,3,6,4.0,4.0,6,4.0,3,6.0,4.0,6.0,4,4.0,4,4.0,4,5,6.0,3.0,4.0,4,5,5,5,5,3,5,4,3,2,3,1,3,1,1,3,2,2,4,4,6,3,1,7,1,4,3,3,3,2,1,1,16.0,10.2,4,8,5,3,5,3,5.0,6.0,7.0,6.0,4.0,4.0,3.0,5.0,4.0,5.0,4.0,5.0,6.0,6.0,3,6.0,6,4,5,2,2,5,4,4,3,6,3,2,4,4,5,5,1,6,2,4,5,4,3,5,4,2,2,0
160,0,SO1504,2,32,1,0,0,0,0,1,4,3,4.0,1,1,,5,2,5,4,10,12.3,5,3,5,4,4,4,4,4.0,4.0,4,4.0,4,4.0,4.0,4.0,4,4.0,4,4.0,4,4,4.0,4.0,4.0,4,4,5,4,4,4,4,4,4,4,4,1,1,2,1,4,4,4,2,4,4,4,4,4,4,3,4,2,2,2,1,1,1.0,5.0,4,3,3,3,3,1,3.0,4.0,3.0,2.0,3.0,3.0,3.0,4.0,4.0,4.0,3.0,2.0,2.0,5.0,3,6.0,6,4,6,4,5,3,3,4,4,6,3,3,4,6,3,5,3,6,2,3,3,3,3,1,2,5,4,0
161,0,SU1202,1,24,1,1,1,0,0,2,3,3,2.0,4,1,1.0,1,1,4,2,4,1.3,1,1,1,2,3,3,3,3.0,2.0,3,2.0,5,3.0,4.0,1.0,5,4.0,4,3.0,4,4,3.0,4.0,5.0,6,4,5,3,3,3,3,1,2,2,4,2,2,1,2,4,4,3,4,6,3,3,4,4,4,2,3,2,1,2,1,1,2.0,1.1,1,1,1,3,6,3,6.0,5.0,6.0,4.0,4.0,2.0,3.0,5.0,,3.0,2.0,2.0,1.0,1.0,3,3.0,3,2,2,4,4,3,3,1,4,5,2,2,4,2,4,3,4,5,3,3,3,3,2,1,3,2,2,1
162,0,SX2408,2,29,0,0,1,1,0,2,4,3,99.0,2,4,3.0,3,3,5,4,2,7.9,2,3,2,4,7,5,6,7.0,5.0,7,7.0,3,5.0,1.0,7.0,6,6.0,7,1.0,7,1,6.0,7.0,4.0,6,4,5,7,6,6,6,6,4,4,6,1,6,4,5,3,5,5,7,6,4,3,6,1,5,3,2,3,4,3,4,1,22.0,2.9,4,7,4,3,3,4,3.0,3.0,2.0,1.0,3.0,4.0,5.0,4.0,5.0,6.0,6.0,7.0,4.0,6.0,3,4.0,4,4,5,4,4,3,3,2,4,1,5,5,5,5,6,6,4,3,4,4,4,4,4,2,4,3,3,0
163,0,SY0102,1,25,0,1,0,0,0,2,3,3,3.0,2,2,2.0,1,0,2,1,15,9.9,2,0,3,3,3,4,3,3.0,2.0,4,2.0,3,2.0,3.0,5.0,3,7.0,6,3.0,5,2,4.0,4.0,4.0,7,4,5,5,5,6,5,5,5,4,5,1,1,0,0,1,2,1,3,3,4,2,3,6,3,3,3,4,2,2,2,1,3.0,3.5,2,2,2,3,5,1,5.0,4.0,4.0,3.0,4.0,5.0,5.0,4.0,3.0,4.0,4.0,5.0,4.0,3.0,3,3.0,4,4,3,5,6,4,3,3,3,4,2,2,6,2,3,3,2,4,5,4,3,5,3,4,3,3,4,0
164,0,SY0105,1,28,0,1,1,0,0,1,2,1,3.0,1,2,4.0,4,1,2,2,10,6.8,4,1,4,2,3,4,5,3.0,2.0,4,3.0,2,3.0,4.0,5.0,5,3.0,4,3.0,6,4,4.0,5.0,5.0,4,5,5,4,5,5,6,6,3,5,5,1,8,1,1,3,3,4,3,2,7,2,2,6,2,4,4,3,4,2,2,0,9.0,7.8,3,0,3,3,3,1,5.0,6.0,4.0,5.0,5.0,5.0,5.0,6.0,4.0,5.0,6.0,5.0,3.0,,3,5.0,5,6,4,4,4,4,5,4,4,0,1,1,2,1,1,2,1,5,2,4,4,4,3,3,4,4,3,0
165,0,SY2004,2,32,1,0,0,1,0,1,2,3,2.0,1,1,,5,4,5,5,16,10.7,5,1,4,2,3,5,4,4.0,4.0,4,4.0,6,5.0,5.0,4.0,5,3.0,4,2.0,6,3,5.0,6.0,5.0,4,3,5,4,5,5,6,2,2,1,2,1,8,5,5,5,4,4,5,6,3,4,6,3,4,3,3,3,4,3,1,1,1.0,7.1,4,5,3,2,1,1,2.0,4.0,4.0,3.0,3.0,4.0,3.0,5.0,5.0,5.0,3.0,4.0,,3.0,3,4.0,6,4,6,2,1,6,4,5,5,9,6,6,5,4,4,4,5,3,5,2,4,3,2,2,1,3,4,1
166,0,SY2103,1,31,1,1,0,0,0,2,3,7,1.0,2,1,,5,4,2,0,39,14.8,3,14,4,3,4,3,3,3.0,3.0,2,3.0,4,4.0,5.0,3.0,4,2.0,4,5.0,3,5,3.0,3.0,5.0,5,5,5,5,6,5,7,4,4,4,4,1,16,5,5,6,6,7,4,1,5,3,3,5,5,3,2,3,1,2,1,0,33.0,29.7,5,1,3,5,2,1,5.0,7.0,5.0,3.0,4.0,2.0,5.0,4.0,4.0,4.0,4.0,3.0,3.0,3.0,3,3.0,3,4,3,5,5,2,7,5,4,11,5,4,7,5,6,4,1,6,2,3,5,2,3,3,3,4,3,1
167,0,TA0109,1,27,0,1,0,1,0,2,3,3,2.0,1,2,2.0,2,0,4,2,1,2.8,2,0,1,2,4,2,3,4.0,3.0,5,3.0,2,4.0,3.0,4.0,5,5.0,5,5.0,4,5,5.0,7.0,5.0,4,6,5,4,4,3,4,3,4,2,3,1,0,0,0,3,2,1,2,6,2,5,4,3,4,3,3,2,2,1,4,1,14.0,3.1,2,0,1,4,2,1,3.0,3.0,3.0,1.0,4.0,5.0,5.0,,4.0,5.0,,3.0,5.0,3.0,2,3.0,3,1,2,4,4,4,4,3,4,7,3,4,2,3,6,3,5,2,4,4,5,5,5,3,3,3,3,1
168,0,TA0911,1,23,1,0,0,0,0,2,3,3,3.0,3,1,,5,4,3,4,22,15.4,5,13,5,4,2,2,1,2.0,1.0,2,3.0,5,2.0,5.0,4.0,5,3.0,4,5.0,6,2,4.0,3.0,4.0,3,5,5,2,3,3,2,4,2,3,5,1,1,1,5,2,2,4,1,3,4,4,4,5,3,3,3,1,1,2,1,1,5.0,8.7,5,0,5,2,2,3,5.0,5.0,5.0,5.0,5.0,5.0,5.0,5.0,5.0,5.0,5.0,5.0,5.0,5.0,3,5.0,5,5,5,6,7,5,5,5,5,7,4,4,5,5,5,5,5,5,5,5,5,5,4,4,3,2,3,0
169,0,TE1206,2,35,0,0,0,1,0,2,3,3,5.0,2,4,,4,4,5,4,0,12.3,4,2,5,3,5,5,4,4.0,5.0,4,3.0,2,3.0,4.0,3.0,5,5.0,4,4.0,6,3,4.0,5.0,6.0,6,4,5,4,5,5,5,5,4,4,5,1,2,2,4,4,4,4,4,4,3,5,3,7,2,4,4,3,2,2,1,1,50.0,19.6,5,24,5,4,3,2,4.0,5.0,4.0,2.0,3.0,5.0,6.0,4.0,4.0,3.0,5.0,3.0,5.0,6.0,3,6.0,6,7,5,4,3,4,3,3,7,9,6,6,5,4,6,6,3,5,3,5,6,4,5,3,4,4,5,0
170,0,TE3005,2,31,1,1,0,1,0,2,4,3,3.0,3,1,4.0,5,4,5,0,11,5.8,3,25,4,1,5,5,5,6.0,4.0,5,6.0,2,5.0,3.0,5.0,6,5.0,5,4.0,6,2,6.0,6.0,2.0,5,5,5,6,6,5,6,2,2,2,2,1,10,4,3,6,6,5,6,2,6,3,6,4,5,3,4,3,2,3,1,1,19.0,3.3,3,1,2,4,4,1,5.0,5.0,4.0,3.0,5.0,3.0,4.0,3.0,3.0,3.0,2.0,2.0,1.0,3.0,3,,4,2,3,6,7,4,4,4,5,0,4,4,1,4,4,3,3,5,3,4,3,4,3,3,2,3,4,0
171,0,test02,1,27,0,0,1,0,0,2,3,3,6.0,1,3,3.0,3,2,4,2,36,5.7,3,0,3,4,2,2,3,2.0,1.0,3,2.0,4,3.0,2.0,5.0,4,4.0,6,2.0,4,3,5.0,5.0,3.0,7,6,5,4,5,5,4,4,4,4,5,1,3,2,1,2,4,3,2,3,6,3,4,7,5,3,3,1,3,3,3,0,9.0,0.7,1,12,1,4,5,4,4.0,4.0,4.0,4.0,3.0,2.0,2.0,1.0,4.0,2.0,4.0,4.0,2.0,4.0,3,3.0,3,2,4,4,5,3,3,4,3,2,1,2,4,2,4,3,5,3,5,4,3,3,4,4,4,3,4,1
172,0,TH0208,1,27,0,1,0,0,0,2,3,3,4.0,3,2,4.0,2,0,4,3,32,9.4,3,8,4,1,3,3,2,2.0,3.0,2,3.0,5,4.0,4.0,3.0,3,3.0,5,3.0,4,4,4.0,4.0,6.0,3,4,5,4,5,3,4,3,3,3,3,1,3,1,1,1,3,3,2,7,2,5,3,4,4,4,3,2,1,3,2,0,6.0,0.7,1,1,1,1,2,1,4.0,3.0,2.0,2.0,1.0,3.0,4.0,4.0,4.0,4.0,4.0,4.0,4.0,4.0,3,3.0,3,1,4,6,6,3,2,2,2,5,2,2,3,3,2,4,5,3,4,3,5,2,1,2,3,3,3,0
173,0,TI1112,1,35,0,0,1,1,0,2,1,3,3.0,2,3,4.0,4,1,4,4,33,7.9,4,5,4,4,4,3,4,4.0,5.0,5,3.0,3,5.0,4.0,6.0,6,5.0,5,3.0,5,3,6.0,7.0,3.0,7,6,5,4,6,6,3,4,3,4,4,1,0,2,2,4,3,4,4,6,2,4,4,5,4,4,3,2,2,3,3,1,11.0,4.8,4,2,5,3,1,2,5.0,5.0,3.0,2.0,4.0,3.0,5.0,6.0,5.0,4.0,4.0,4.0,4.0,4.0,3,6.0,4,3,6,4,3,4,3,4,3,4,4,4,5,5,3,5,4,4,3,3,6,2,2,4,3,3,2,1
174,0,TI1505,2,25,0,1,0,0,0,1,3,3,1.0,3,2,4.0,4,2,2,5,48,6.2,4,5,4,4,3,5,4,3.0,3.0,6,4.0,3,5.0,4.0,4.0,2,2.0,5,6.0,5,3,5.0,5.0,4.0,4,5,5,5,6,6,5,4,6,5,6,1,2,2,4,5,3,5,5,4,1,5,4,5,3,3,3,4,4,4,2,1,10.0,4.7,4,9,3,3,1,1,4.0,4.0,5.0,5.0,4.0,3.0,4.0,4.0,4.0,3.0,5.0,6.0,,5.0,3,5.0,4,4,4,2,2,4,4,4,4,4,3,3,2,4,2,3,4,4,4,3,4,3,2,1,3,2,3,0
175,0,TI1801,2,33,0,1,1,0,0,2,2,3,6.0,3,2,3.0,3,1,2,4,14,15.0,2,0,3,4,5,3,4,3.0,4.0,4,4.0,5,4.0,4.0,7.0,3,5.0,6,5.0,5,3,4.0,5.0,5.0,4,5,5,7,6,7,7,2,5,1,3,1,2,1,1,3,4,4,4,3,4,4,3,5,3,4,4,4,4,2,2,1,36.0,10.8,2,7,4,1,6,2,5.0,6.0,4.0,3.0,5.0,4.0,3.0,2.0,4.0,3.0,4.0,3.0,4.0,2.0,3,4.0,4,4,3,6,5,4,4,4,4,1,3,1,4,4,3,2,5,6,2,4,5,5,5,4,4,4,3,1
176,0,TO0506,2,29,0,1,0,0,0,2,3,3,3.0,1,2,,5,4,4,4,33,22.5,5,5,5,3,4,4,3,4.0,3.0,6,5.0,3,5.0,4.0,4.0,3,2.0,3,4.0,5,5,3.0,3.0,4.0,2,4,5,4,5,6,5,3,2,3,4,2,9,3,3,4,4,3,4,4,3,6,3,3,3,4,4,5,2,4,2,0,11.0,12.4,5,12,5,3,1,1,4.0,6.0,6.0,4.0,5.0,4.0,4.0,2.0,4.0,2.0,5.0,5.0,5.0,3.0,1,4.0,3,2,3,3,3,5,3,3,3,0,4,6,4,4,5,4,5,1,4,6,2,5,2,3,5,2,3,1
177,0,TO2106,0,24,1,0,0,0,0,1,3,8,2.0,2,5,1.0,1,0,5,1,8,0.7,1,4,1,3,2,2,2,3.0,4.0,5,2.0,4,3.0,5.0,3.0,3,4.0,3,6.0,4,4,4.0,5.0,7.0,3,2,5,5,5,4,4,3,3,2,4,2,3,0,0,1,1,3,3,4,7,3,4,5,4,5,4,3,3,3,3,1,4.0,1.4,2,11,1,3,2,3,4.0,5.0,5.0,4.0,,4.0,4.0,2.0,4.0,3.0,5.0,4.0,4.0,4.0,3,3.0,3,4,3,4,5,2,3,5,3,3,1,1,1,2,4,1,2,7,4,5,3,6,4,3,2,4,3,0
178,0,TT1113,2,31,1,1,0,0,0,2,2,3,2.0,1,2,2.0,1,0,5,2,5,4.2,2,8,1,3,1,2,3,2.0,2.0,3,3.0,5,3.0,3.0,4.0,2,3.0,4,3.0,3,3,5.0,4.0,3.0,3,5,5,5,4,4,3,4,4,4,4,2,4,0,0,2,1,2,1,4,2,6,3,5,5,3,4,3,3,2,2,1,1.0,2.7,2,8,3,4,1,2,4.0,4.0,3.0,4.0,5.0,5.0,4.0,5.0,3.0,5.0,5.0,5.0,5.0,4.0,3,3.0,3,2,4,4,5,3,3,3,3,3,2,3,4,3,3,2,5,4,3,5,3,4,3,3,5,3,3,1
179,0,TU2910,2,27,0,1,0,0,0,2,3,3,4.0,1,2,,5,3,5,5,26,8.1,5,33,5,4,4,5,4,3.0,2.0,3,3.0,3,2.0,3.0,6.0,3,5.0,4,4.0,4,5,5.0,4.0,5.0,5,4,5,6,3,4,5,5,2,3,1,1,1,2,3,3,3,4,2,4,5,5,2,5,3,3,2,5,3,3,2,1,9.0,5.9,4,6,5,3,1,1,7.0,4.0,7.0,5.0,5.0,6.0,5.0,4.0,5.0,4.0,4.0,3.0,4.0,5.0,3,6.0,4,5,5,7,7,6,4,4,5,1,6,4,5,5,5,5,5,3,3,4,3,3,2,4,5,4,4,1
180,0,TV0912,1,25,1,0,0,0,0,1,3,3,3.0,2,1,1.0,1,4,3,5,4,32.0,2,4,1,3,6,4,3,4.0,3.0,4,5.0,5,3.0,3.0,3.0,4,5.0,4,5.0,5,5,4.0,3.0,3.0,5,3,5,4,4,4,5,5,3,4,4,2,7,3,3,5,4,2,3,4,6,2,5,2,5,3,2,2,1,2,1,0,4.0,5.0,2,2,2,4,5,1,4.0,5.0,2.0,3.0,3.0,,3.0,3.0,3.0,3.0,4.0,2.0,4.0,2.0,3,3.0,3,2,2,3,3,3,2,4,4,0,3,3,5,3,3,5,5,7,2,4,2,5,3,2,4,4,3,0
181,0,UB1507,2,26,1,0,0,0,0,1,1,2,3.0,1,1,1.0,1,4,4,4,0,2.9,1,1,1,5,3,3,3,3.0,3.0,3,3.0,3,3.0,3.0,3.0,3,3.0,3,3.0,3,3,3.0,3.0,3.0,3,3,5,3,3,3,3,3,3,3,3,6,3,3,4,3,3,3,4,3,3,3,3,3,3,4,3,4,3,4,2,1,1.0,3.3,2,1,2,4,4,4,3.0,5.0,4.0,4.0,4.0,5.0,5.0,4.0,4.0,5.0,2.0,2.0,2.0,5.0,3,2.0,3,1,1,4,5,3,2,3,3,8,4,3,4,4,5,4,3,5,3,1,7,1,4,4,1,2,3,0
182,0,UM2210,2,24,1,1,0,0,0,2,3,3,3.0,2,1,4.0,3,1,4,2,10,3.9,4,8,4,1,4,3,3,3.0,3.0,3,3.0,3,3.0,5.0,2.0,5,2.0,3,6.0,5,4,3.0,3.0,5.0,3,3,5,5,3,4,5,3,1,3,3,1,0,1,3,2,2,3,3,3,4,3,4,7,3,4,4,3,4,3,1,1,3.0,2.9,4,1,3,1,1,2,4.0,5.0,4.0,5.0,4.0,2.0,1.0,2.0,3.0,3.0,5.0,6.0,5.0,5.0,3,3.0,4,2,2,4,5,4,4,3,2,0,2,2,3,2,3,2,3,4,6,2,5,3,4,2,4,4,4,0
183,0,UN0402,2,30,0,1,0,0,0,1,3,3,2.0,2,2,2.0,2,3,3,5,21,2.6,1,0,2,4,5,4,4,2.0,4.0,3,4.0,2,4.0,4.0,5.0,7,6.0,6,3.0,6,4,5.0,7.0,3.0,4,6,5,3,4,4,5,5,5,5,4,1,7,3,5,3,4,5,4,4,4,4,2,4,1,3,3,3,4,3,1,1,11.0,4.3,2,4,3,3,2,2,,5.0,6.0,4.0,4.0,3.0,4.0,4.0,3.0,3.0,3.0,4.0,4.0,3.0,3,3.0,2,1,3,5,5,5,3,4,4,3,3,4,3,5,4,3,6,3,5,4,4,4,5,3,4,3,4,0
184,0,UO2503,2,33,1,0,0,0,0,1,3,4,3.0,1,1,3.0,2,4,5,3,7,2.2,3,1,2,3,6,3,5,4.0,4.0,5,5.0,3,5.0,5.0,3.0,2,1.0,3,4.0,5,5,4.0,3.0,5.0,4,4,6,5,6,6,6,7,5,4,5,2,0,3,2,3,3,5,5,1,6,2,3,5,3,3,3,5,4,5,1,0,7.0,3.0,3,10,2,4,4,3,2.0,4.0,4.0,3.0,5.0,2.0,5.0,2.0,5.0,4.0,6.0,6.0,4.0,3.0,3,3.0,3,2,3,5,5,3,5,3,3,2,4,6,2,3,4,4,3,6,2,3,5,3,1,5,3,4,3,1
185,0,UX1309,2,27,1,1,0,0,0,1,3,3,3.0,2,2,4.0,4,2,2,3,6,3.5,3,4,4,5,5,4,5,2.0,4.0,4,4.0,7,4.0,5.0,6.0,4,4.0,5,3.0,5,1,6.0,5.0,3.0,4,5,5,5,5,6,4,3,3,4,3,1,12,1,2,4,3,5,2,5,2,5,4,3,5,4,4,5,3,4,2,1,44.0,2.8,2,4,4,3,4,2,4.0,3.0,5.0,4.0,3.0,5.0,3.0,5.0,6.0,5.0,5.0,5.0,6.0,4.0,3,3.0,3,3,2,4,4,3,4,3,3,2,3,3,1,3,4,4,3,3,5,2,5,3,2,5,4,4,4,0
186,0,UY0810,1,30,0,1,0,0,0,2,2,2,1.0,1,2,2.0,1,2,1,5,2,4.6,3,11,2,4,3,6,3,2.0,5.0,5,6.0,4,5.0,5.0,5.0,5,5.0,7,2.0,7,2,5.0,6.0,2.0,5,7,3,3,5,5,4,3,4,4,2,2,4,4,3,5,3,4,5,5,5,4,4,5,4,3,3,3,3,1,4,1,13.0,4.3,3,4,3,3,2,2,5.0,5.0,5.0,5.0,3.0,2.0,5.0,4.0,4.0,5.0,3.0,2.0,3.0,3.0,3,6.0,6,6,6,4,2,2,3,3,2,4,5,5,6,5,6,3,5,5,5,3,5,3,4,1,3,4,4,0
187,0,VA2007,2,33,1,1,0,0,0,1,3,3,5.0,2,2,4.0,4,4,4,0,28,8.5,3,2,4,4,3,3,3,3.0,3.0,3,3.0,3,3.0,3.0,3.0,3,3.0,3,3.0,3,3,3.0,3.0,3.0,3,3,5,3,3,3,3,3,3,3,3,1,8,5,5,3,3,3,4,3,3,3,3,3,3,3,2,3,2,1,2,1,21.0,9.6,4,7,5,4,4,3,7.0,6.0,6.0,5.0,,4.0,3.0,,5.0,5.0,4.0,5.0,2.0,3.0,3,4.0,5,6,6,6,6,3,3,3,4,4,6,5,7,4,6,7,2,6,2,3,6,3,4,5,4,2,2,1
188,0,VA2403,2,28,1,1,0,0,0,2,3,3,4.0,2,2,3.0,4,1,5,2,17,7.6,3,1,3,3,3,4,4,4.0,3.0,3,4.0,4,5.0,4.0,4.0,5,3.0,6,4.0,6,2,3.0,7.0,4.0,6,6,5,4,4,5,5,3,1,2,3,1,5,3,1,3,3,5,4,3,5,3,4,4,4,4,4,1,3,3,2,1,7.0,1.4,3,14,3,3,1,1,4.0,5.0,5.0,6.0,6.0,4.0,4.0,3.0,5.0,4.0,4.0,4.0,3.0,2.0,3,2.0,4,3,4,2,4,5,6,4,5,4,3,4,4,2,4,3,4,6,3,2,5,3,4,3,5,3,3,0
189,0,VI0503,2,30,1,1,0,0,0,1,3,3,99.0,1,2,2.0,2,1,3,2,16,3.2,2,1,1,3,3,3,3,2.0,3.0,3,4.0,5,3.0,6.0,3.0,5,1.0,2,4.0,4,4,4.0,3.0,6.0,5,4,5,5,5,6,6,3,2,2,3,1,6,2,3,3,3,3,3,4,4,4,6,1,5,4,3,3,3,2,2,0,18.0,2.6,2,5,2,2,3,3,3.0,3.0,2.0,1.0,2.0,3.0,2.0,2.0,2.0,3.0,3.0,2.0,2.0,3.0,3,6.0,4,4,6,4,3,3,2,3,2,1,1,1,2,3,2,2,5,5,5,7,2,7,3,2,3,2,3,1
190,0,VI2409,2,26,1,0,0,0,0,2,2,3,1.0,4,5,3.0,3,4,5,5,3,10.1,3,4,2,2,4,4,3,2.0,6.0,5,5.0,5,4.0,6.0,3.0,1,4.0,2,6.0,4,5,5.0,4.0,6.0,3,4,5,7,6,6,6,5,4,4,3,1,11,5,4,5,4,6,3,5,4,3,4,6,5,4,3,3,3,2,1,1,12.0,3.0,4,7,3,2,3,3,5.0,4.0,5.0,2.0,4.0,6.0,6.0,5.0,6.0,5.0,4.0,6.0,3.0,1.0,3,6.0,4,5,5,3,2,4,2,3,3,4,5,6,5,4,4,5,7,1,3,3,3,3,3,3,2,4,3,1
191,0,VL2809,0,26,0,1,0,1,0,2,1,1,3.0,1,2,3.0,3,2,5,3,8,15.5,3,3,3,4,2,4,3,2.0,2.0,4,4.0,4,2.0,5.0,6.0,2,3.0,5,4.0,4,3,4.0,3.0,4.0,5,3,5,4,3,4,4,3,3,4,5,1,2,1,1,2,2,1,2,6,1,4,4,3,3,4,4,2,3,4,2,1,9.0,2.3,2,0,2,3,2,2,1.0,3.0,1.0,2.0,4.0,4.0,4.0,5.0,5.0,5.0,3.0,3.0,2.0,3.0,3,3.0,3,1,2,2,2,3,2,2,3,2,2,3,3,3,4,2,6,5,4,3,6,2,4,3,5,3,4,0
192,0,VM2110,2,28,0,1,0,0,0,2,3,3,99.0,2,2,3.0,3,3,3,3,28,4.8,2,2,3,4,5,3,4,5.0,5.0,5,5.0,3,5.0,4.0,4.0,2,,7,2.0,5,3,4.0,5.0,3.0,6,6,5,5,5,5,4,4,4,3,5,2,2,2,2,4,4,4,6,4,3,5,3,5,4,5,4,3,3,2,2,0,9.0,3.2,4,3,4,5,2,4,3.0,4.0,4.0,2.0,4.0,3.0,4.0,5.0,2.0,4.0,5.0,4.0,4.0,5.0,3,1.0,2,2,4,6,6,4,3,4,4,0,1,1,3,3,3,1,3,5,3,5,4,4,3,5,3,5,5,0
193,0,VN1105,2,25,1,1,0,1,0,2,3,3,1.0,4,1,2.0,3,4,2,0,2,5.4,2,9,2,3,4,3,5,4.0,4.0,6,5.0,5,5.0,5.0,4.0,5,4.0,4,5.0,4,1,5.0,3.0,5.0,6,4,5,4,4,5,3,5,5,5,5,1,5,5,5,4,4,5,5,3,3,4,4,5,3,3,3,4,5,2,1,0,5.0,2.2,3,3,3,2,2,1,5.0,6.0,5.0,5.0,,4.0,4.0,4.0,4.0,4.0,3.0,5.0,1.0,1.0,3,2.0,3,4,5,3,2,5,5,4,3,2,6,4,5,5,5,5,2,5,4,4,3,4,4,3,4,4,4,0
194,0,VO1512,2,27,1,1,0,0,0,1,3,3,4.0,2,2,3.0,2,2,4,3,8,2.6,2,1,3,5,3,1,3,4.0,2.0,4,3.0,4,3.0,4.0,2.0,5,5.0,3,5.0,5,3,4.0,5.0,5.0,5,2,5,5,3,5,2,4,3,4,5,1,2,3,3,3,4,3,2,5,4,5,4,4,5,3,3,2,2,2,2,0,0.0,3.7,3,7,3,5,2,1,6.0,7.0,5.0,3.0,5.0,6.0,7.0,6.0,6.0,4.0,4.0,3.0,2.0,4.0,3,4.0,6,5,5,4,2,3,3,3,3,5,4,5,4,4,6,5,3,3,4,2,2,4,6,3,2,4,4,1
195,0,VO2610,0,29,1,1,0,0,0,2,3,3,2.0,2,1,1.0,1,0,1,1,12,0.9,1,0,1,2,2,1,2,3.0,1.0,2,3.0,6,2.0,3.0,3.0,3,4.0,5,4.0,5,3,4.0,2.0,4.0,5,3,5,3,2,3,4,4,5,5,3,1,1,1,1,4,2,3,3,4,5,5,3,5,3,4,4,2,3,1,3,0,3.0,0.9,1,2,1,3,3,1,2.0,4.0,4.0,1.0,1.0,1.0,2.0,2.0,1.0,2.0,4.0,4.0,3.0,5.0,3,6.0,3,4,3,3,4,2,2,1,3,11,2,2,2,3,3,3,5,4,4,2,5,3,5,4,5,5,4,1
196,0,VO3003,2,28,0,1,0,1,0,2,3,3,5.0,1,2,1.0,1,2,1,1,0,2.1,1,0,1,1,6,4,3,4.0,2.0,5,2.0,3,4.0,4.0,5.0,4,6.0,6,2.0,5,1,4.0,5.0,3.0,5,7,5,5,4,5,3,4,5,4,5,1,3,2,1,3,3,4,4,1,6,1,4,3,4,3,4,5,3,3,2,1,4.0,3.4,2,3,2,5,3,3,4.0,4.0,3.0,3.0,3.0,5.0,4.0,3.0,5.0,3.0,5.0,5.0,5.0,3.0,3,3.0,4,3,4,6,5,5,4,5,4,4,3,2,4,4,3,3,2,7,2,3,6,2,2,3,5,4,3,0
197,0,VT2801,0,25,1,1,1,0,0,1,3,3,2.0,1,1,,5,2,3,3,42,13.0,4,5,4,3,5,4,3,4.0,3.0,6,5.0,5,2.0,4.0,3.0,4,6.0,4,6.0,5,2,4.0,4.0,4.0,5,4,5,5,6,4,4,4,2,3,2,1,5,3,4,3,3,5,5,2,4,4,5,4,3,3,3,5,5,2,1,1,16.0,10.7,5,8,5,2,1,2,3.0,5.0,4.0,4.0,,1.0,,2.0,4.0,1.0,4.0,,7.0,3.0,3,4.0,5,3,4,7,7,5,5,3,4,7,6,6,7,5,7,6,4,6,3,4,4,5,2,3,4,3,5,0
198,0,VV0502,0,23,0,1,1,0,0,2,3,1,99.0,3,2,,5,2,5,3,7,25.4,5,25,5,4,4,2,2,3.0,3.0,2,3.0,5,,3.0,5.0,3,6.0,6,3.0,5,3,4.0,6.0,4.0,6,5,5,4,6,5,4,3,3,4,3,1,0,2,2,4,4,5,2,4,3,5,3,4,3,3,3,3,2,1,2,1,1.0,4.2,2,2,3,3,2,3,6.0,7.0,4.0,7.0,7.0,6.0,4.0,3.0,5.0,5.0,4.0,3.0,3.0,5.0,3,4.0,5,5,4,3,2,5,4,4,5,8,4,6,4,5,4,4,6,4,4,5,5,4,3,3,2,4,4,0
199,0,VY1302,2,25,1,0,1,0,0,2,3,3,5.0,2,3,3.0,3,4,4,0,1,3.8,4,6,3,2,5,4,5,5.0,5.0,6,5.0,2,5.0,3.0,4.0,6,6.0,6,4.0,5,4,3.0,3.0,4.0,7,5,5,4,6,5,5,6,4,5,3,1,10,4,5,5,4,5,5,3,5,4,5,5,3,5,4,3,3,2,4,1,0.0,3.8,3,3,3,2,5,1,4.0,,4.0,4.0,4.0,4.0,4.0,4.0,4.0,4.0,4.0,4.0,4.0,4.0,3,4.0,4,4,4,5,5,4,4,4,4,8,4,4,4,4,4,4,4,4,4,4,4,4,5,3,4,4,3,1
200,0,WH0406,1,26,0,1,0,0,0,2,4,5,4.0,3,2,4.0,5,2,2,4,4,7.0,4,1,4,2,4,5,4,3.0,3.0,2,6.0,3,5.0,5.0,4.0,6,4.0,4,5.0,5,3,6.0,4.0,6.0,4,6,5,5,6,6,5,5,6,5,5,2,3,2,3,4,2,2,4,4,4,5,2,4,4,4,5,3,3,3,1,1,23.0,10.8,5,18,5,5,2,1,4.0,7.0,6.0,4.0,5.0,4.0,5.0,6.0,6.0,5.0,5.0,5.0,5.0,6.0,3,4.0,4,4,3,3,3,7,6,3,5,2,4,4,5,4,3,5,4,6,4,4,5,4,4,5,6,3,2,0
201,0,WP1206,0,24,1,0,0,1,0,3,3,3,2.0,4,1,3.0,2,2,4,0,6,45.0,2,3,3,5,3,2,3,1.0,2.0,4,3.0,4,4.0,4.0,5.0,2,1.0,5,3.0,5,4,4.0,4.0,4.0,2,2,2,4,4,4,4,6,3,2,3,1,5,4,3,6,5,3,2,6,2,5,3,4,6,2,2,4,3,3,1,1,1.0,2.7,1,0,2,1,1,3,4.0,5.0,4.0,4.0,4.0,3.0,3.0,4.0,,3.0,4.0,5.0,4.0,3.0,3,1.0,3,3,2,4,2,3,1,2,3,0,2,1,3,2,4,4,3,6,1,5,3,4,4,4,4,2,2,0
202,0,WW0606,0,32,1,0,0,0,0,2,2,1,2.0,1,1,3.0,4,2,2,3,5,2.9,3,0,3,5,6,4,5,6.0,4.0,6,5.0,5,5.0,3.0,6.0,6,6.0,6,2.0,6,4,4.0,3.0,4.0,5,7,5,5,3,5,4,6,4,5,5,1,2,3,4,5,4,4,5,1,7,1,3,4,4,5,4,3,2,1,1,0,15.0,4.4,3,13,3,2,6,4,6.0,7.0,6.0,6.0,5.0,1.0,2.0,2.0,3.0,1.0,7.0,5.0,5.0,5.0,3,6.0,5,5,4,5,5,3,4,4,3,7,5,3,3,4,5,5,4,4,2,6,2,6,3,3,5,3,3,0
203,0,XA1808,2,30,1,0,0,0,0,2,3,3,2.0,3,1,4.0,4,4,4,4,13,8.7,5,15,5,2,5,3,4,4.0,3.0,4,3.0,3,5.0,5.0,4.0,5,6.0,5,5.0,6,4,4.0,4.0,4.0,5,3,5,5,5,5,4,6,6,6,6,2,1,3,3,4,3,5,4,4,4,4,2,7,4,2,3,3,4,4,1,1,29.0,6.9,5,23,3,2,3,3,5.0,4.0,3.0,4.0,5.0,3.0,2.0,1.0,2.0,3.0,5.0,6.0,6.0,5.0,3,6.0,7,5,5,5,4,4,5,1,4,2,4,3,4,3,5,4,5,4,4,3,5,3,6,5,5,4,3,1
204,0,XE0910,2,26,0,1,0,0,0,2,3,3,99.0,4,2,,4,4,4,5,18,6.2,4,1,5,3,6,3,5,5.0,5.0,4,5.0,7,3.0,5.0,4.0,5,4.0,4,4.0,4,4,2.0,3.0,5.0,5,3,5,5,6,6,7,2,3,4,4,1,3,4,4,5,4,4,5,4,4,4,3,5,1,4,5,1,3,3,2,1,4.0,8.1,2,5,3,4,2,2,4.0,5.0,4.0,5.0,3.0,7.0,6.0,6.0,6.0,7.0,4.0,4.0,4.0,3.0,3,2.0,4,3,3,5,5,4,4,4,3,1,5,4,6,6,5,4,4,5,3,3,5,1,2,3,3,5,4,1
205,0,XH1205,0,29,0,0,0,1,0,2,2,8,5.0,2,4,2.0,1,0,3,2,2,2.6,2,6,1,4,6,4,3,4.0,4.0,5,4.0,4,5.0,5.0,2.0,5,3.0,4,6.0,4,3,5.0,5.0,4.0,5,4,5,4,5,5,7,5,6,4,4,1,4,0,1,2,1,1,4,3,5,3,2,5,3,4,4,4,3,2,4,1,3.0,6.8,4,0,3,1,3,4,5.0,4.0,5.0,3.0,4.0,5.0,5.0,3.0,5.0,4.0,4.0,5.0,3.0,4.0,3,4.0,5,4,3,5,5,5,4,3,5,3,3,2,4,2,3,4,2,6,2,4,4,4,4,2,3,2,3,0
206,0,XL1802,0,27,1,1,0,0,0,2,3,4,3.0,1,2,2.0,1,1,2,2,15,1.6,1,1,2,3,3,3,5,2.0,4.0,4,5.0,6,2.0,5.0,4.0,4,4.0,4,6.0,3,5,3.0,4.0,6.0,4,5,5,5,4,5,5,2,3,3,4,2,0,1,2,4,3,4,3,4,6,3,2,5,2,3,3,2,3,2,2,1,7.0,4.8,4,3,3,2,1,3,4.0,5.0,4.0,4.0,4.0,4.0,6.0,5.0,6.0,7.0,5.0,4.0,5.0,3.0,3,3.0,5,4,4,5,6,3,4,4,2,1,3,3,6,3,4,4,4,5,2,4,4,4,5,4,3,3,3,0
207,0,XMSfix,2,30,1,0,0,1,0,1,2,1,3.0,1,4,3.0,3,2,4,3,8,3.4,3,0,3,3,3,3,5,3.0,4.0,5,5.0,2,3.0,5.0,5.0,4,5.0,4,6.0,4,5,4.0,5.0,3.0,5,6,5,3,4,5,3,2,4,2,5,1,1,1,2,3,3,4,4,3,4,4,3,6,2,4,4,3,4,3,4,1,16.0,4.6,3,0,3,4,1,4,5.0,4.0,3.0,4.0,1.0,2.0,2.0,2.0,4.0,3.0,4.0,3.0,2.0,4.0,3,6.0,5,5,6,7,7,3,3,3,2,5,3,4,4,4,4,4,5,4,4,3,5,5,6,4,3,5,5,0
208,0,xmsV02,1,24,0,1,0,1,0,2,3,4,4.0,2,2,3.0,2,0,3,2,17,0.9,2,7,3,5,4,5,5,3.0,3.0,5,4.0,3,4.0,4.0,5.0,5,6.0,7,3.0,5,3,6.0,5.0,5.0,5,2,5,1,3,5,4,4,3,4,4,1,2,0,0,3,1,3,5,6,2,4,4,4,2,4,4,2,1,2,2,1,15.0,10.0,4,3,4,3,1,3,5.0,4.0,7.0,6.0,6.0,3.0,5.0,4.0,3.0,2.0,6.0,6.0,5.0,4.0,3,5.0,5,6,4,4,5,3,5,4,4,1,3,2,4,3,4,2,3,5,2,3,4,3,5,3,3,5,4,1
209,0,XO0103,1,28,1,1,0,0,0,1,3,3,2.0,2,1,3.0,3,3,3,5,19,5.1,3,6,4,3,4,2,2,2.0,2.0,4,2.0,5,4.0,4.0,3.0,1,5.0,5,4.0,4,6,5.0,5.0,5.0,3,3,5,4,5,4,5,2,4,1,2,1,3,3,4,3,3,6,2,3,4,3,6,3,3,3,2,3,1,3,1,1,2.0,2.1,2,0,2,5,1,1,3.0,3.0,4.0,3.0,3.0,4.0,5.0,3.0,5.0,3.0,,4.0,4.0,2.0,3,3.0,4,4,3,5,4,1,4,2,3,6,4,5,3,4,5,4,7,3,6,5,1,5,2,4,4,5,4,0
210,0,XO1207,2,32,1,0,1,0,0,1,3,3,1.0,3,1,3.0,3,3,4,4,2,9.1,3,2,3,2,4,2,3,3.0,3.0,5,4.0,4,1.0,5.0,5.0,5,4.0,5,4.0,6,6,5.0,6.0,6.0,4,5,5,5,4,6,4,3,2,3,3,1,0,4,3,5,5,5,3,5,4,4,3,4,2,3,3,2,1,1,1,1,3.0,1.9,2,2,2,4,3,1,4.0,4.0,3.0,5.0,2.0,3.0,6.0,3.0,4.0,3.0,4.0,3.0,2.0,4.0,3,4.0,4,3,4,4,3,3,1,5,2,1,1,1,2,3,3,3,3,3,2,4,2,4,3,2,3,3,3,0
211,0,xongV1,1,30,0,1,0,0,0,2,4,3,3.0,1,2,3.0,2,0,2,3,9,7.8,3,7,3,3,3,1,2,3.0,1.0,3,3.0,6,1.0,5.0,5.0,5,2.0,6,3.0,6,4,4.0,3.0,4.0,5,3,5,5,4,6,5,4,3,4,2,1,0,0,0,3,4,4,2,2,5,3,5,4,3,5,3,2,2,2,1,1,8.0,7.5,5,3,4,4,3,4,4.0,4.0,3.0,4.0,4.0,5.0,4.0,6.0,5.0,5.0,6.0,5.0,4.0,3.0,3,3.0,4,4,4,6,7,5,4,2,3,2,1,2,1,2,2,2,5,5,4,3,5,4,4,1,4,3,4,0
212,0,XV2605,2,23,1,0,0,0,0,2,2,3,2.0,2,1,2.0,2,0,3,3,1,3.2,1,1,1,1,4,3,3,3.0,4.0,6,4.0,4,4.0,,6.0,4,6.0,4,3.0,7,2,4.0,,5.0,4,2,5,4,2,3,4,4,5,5,5,1,0,1,0,2,2,2,4,1,5,3,3,4,4,4,3,2,3,3,1,1,13.0,5.5,4,2,3,2,5,4,4.0,3.0,3.0,4.0,4.0,4.0,5.0,5.0,5.0,3.0,5.0,3.0,4.0,5.0,3,1.0,2,4,4,4,3,5,1,1,3,7,2,2,1,5,2,4,3,6,4,5,3,5,6,3,5,3,3,0
213,0,XY2009,2,35,0,1,0,1,0,1,3,3,5.0,2,4,4.0,4,3,2,4,26,7.8,4,2,4,3,5,6,4,4.0,4.0,5,5.0,3,5.0,3.0,4.0,5,7.0,7,3.0,6,3,6.0,5.0,4.0,5,5,5,5,6,5,6,7,6,5,6,1,2,3,3,3,4,4,5,5,3,3,4,5,4,4,4,5,5,4,4,1,12.0,7.7,4,2,5,4,2,3,5.0,6.0,3.0,2.0,4.0,5.0,5.0,4.0,5.0,3.0,6.0,5.0,5.0,5.0,3,5.0,6,5,4,5,4,4,3,4,2,1,5,4,4,4,6,6,4,4,4,4,4,5,2,2,4,5,4,0
214,0,XY2302,2,25,1,1,0,0,0,1,3,6,3.0,3,2,3.0,5,0,1,1,6,10.3,2,6,3,3,2,2,1,1.0,1.0,3,1.0,4,1.0,7.0,,4,6.0,5,4.0,5,5,4.0,4.0,4.0,4,2,5,3,3,2,5,4,6,5,5,2,3,0,0,1,1,3,1,5,4,5,4,5,2,4,3,1,3,2,2,1,26.0,10.6,2,6,3,3,3,3,5.0,4.0,4.0,5.0,5.0,3.0,5.0,2.0,3.0,3.0,4.0,4.0,3.0,2.0,3,5.0,4,4,5,5,6,3,5,3,2,2,2,3,3,3,4,3,4,3,4,5,6,4,4,3,4,4,4,1
215,0,YH0910,1,24,1,0,0,1,0,1,3,4,6.0,2,1,1.0,1,2,2,3,2,1.5,1,2,1,5,4,5,5,5.0,5.0,6,6.0,2,6.0,3.0,6.0,5,7.0,5,2.0,4,1,7.0,5.0,2.0,6,6,5,4,6,5,3,7,6,6,7,2,0,2,4,2,3,4,7,2,5,4,4,5,5,4,3,4,2,4,1,1,6.0,2.9,3,0,3,3,5,3,4.0,5.0,4.0,4.0,3.0,4.0,4.0,4.0,3.0,3.0,6.0,6.0,4.0,4.0,3,6.0,6,4,2,3,2,5,4,3,4,7,3,2,5,4,4,3,2,4,3,5,3,4,5,3,4,4,4,0
216,0,YH1509,0,30,0,1,0,0,0,2,3,1,4.0,1,2,2.0,2,1,1,3,4,2.5,2,0,2,4,4,3,3,1.0,2.0,4,5.0,3,5.0,4.0,3.0,4,3.0,1,6.0,5,3,5.0,4.0,4.0,4,4,5,4,4,3,5,2,3,4,4,1,11,3,3,2,5,6,3,6,5,5,3,4,2,3,3,2,3,3,2,1,2.0,2.8,4,2,3,3,1,1,4.0,5.0,3.0,3.0,4.0,7.0,6.0,4.0,6.0,5.0,5.0,3.0,3.0,2.0,3,3.0,4,4,5,5,6,5,3,3,2,4,2,1,2,1,4,2,5,5,3,5,3,6,7,3,4,3,4,0
217,0,YU0808,2,33,0,0,0,1,0,2,3,7,2.0,1,4,,4,4,2,0,14,5.5,4,16,5,2,5,5,3,4.0,5.0,4,5.0,3,4.0,4.0,5.0,6,6.0,5,5.0,4,2,3.0,4.0,3.0,5,4,5,5,5,5,6,4,2,4,2,1,11,5,5,5,4,5,4,4,2,3,3,5,4,3,4,3,3,2,4,1,11.0,4.3,4,5,4,4,1,4,4.0,4.0,3.0,3.0,3.0,5.0,6.0,5.0,5.0,6.0,4.0,4.0,3.0,5.0,3,2.0,3,2,1,5,4,6,6,2,5,2,3,4,4,4,4,5,5,5,3,5,5,4,1,3,3,3,3,0
218,0,YW1908,2,26,0,1,0,0,0,2,3,3,1.0,1,2,,5,3,2,4,26,6.1,4,4,4,1,2,3,4,3.0,3.0,3,4.0,3,2.0,4.0,4.0,5,4.0,4,3.0,3,5,3.0,4.0,5.0,4,2,5,1,4,3,3,5,4,2,4,1,2,2,4,2,3,4,3,4,4,2,3,5,2,4,4,2,2,1,1,0,15.0,5.1,2,2,2,3,1,2,4.0,5.0,4.0,3.0,3.0,5.0,5.0,6.0,5.0,4.0,4.0,6.0,7.0,5.0,3,3.0,4,5,3,5,5,5,5,4,5,4,5,6,6,5,5,5,4,4,4,2,5,3,2,3,3,4,4,0
219,0,ZZ1001,2,27,1,0,0,1,0,2,2,4,2.0,1,1,4.0,3,2,4,3,7,5.4,4,5,3,3,5,4,3,4.0,3.0,5,,3,3.0,3.0,4.0,4,,6,4.0,7,4,4.0,4.0,4.0,3,5,5,6,5,4,4,4,3,3,5,1,2,2,1,2,3,4,4,1,7,3,5,2,5,4,5,2,2,2,1,1,9.0,4.8,4,0,3,4,6,3,5.0,6.0,5.0,3.0,3.0,3.0,4.0,6.0,5.0,4.0,6.0,6.0,6.0,4.0,3,5.0,4,5,5,4,5,4,6,4,3,5,4,3,3,5,3,4,1,5,3,4,5,6,5,4,5,2,2,0
